video,relative_path,gesture,performer,session,role,is_owner,repetition,device,location,lighting
G1_P01_20260725_own_001.mp4,G1/P01/20260725/G1_P01_20260725_own_001.mp4,G1,P01,20260725,own,1,001,unknown,unknown,unknown
G1_P01_20260725_own_002.mp4,G1/P01/20260725/G1_P01_20260725_own_002.mp4,G1,P01,20260725,own,1,002,unknown,unknown,unknown
G1_P01_20260725_own_003.mp4,G1/P01/20260725/G1_P01_20260725_own_003.mp4,G1,P01,20260725,own,1,003,unknown,unknown,unknown
G1_P01_20260725_own_004.mp4,G1/P01/20260725/G1_P01_20260725_own_004.mp4,G1,P01,20260725,own,1,004,unknown,unknown,unknown
G1_P01_20260725_own_005.mp4,G1/P01/20260725/G1_P01_20260725_own_005.mp4,G1,P01,20260725,own,1,005,unknown,unknown,unknown
G1_P01_20260725_own_006.mp4,G1/P01/20260725/G1_P01_20260725_own_006.mp4,G1,P01,20260725,own,1,006,unknown,unknown,unknown
G1_P01_20260725_own_007.mp4,G1/P01/20260725/G1_P01_20260725_own_007.mp4,G1,P01,20260725,own,1,007,unknown,unknown,unknown
G1_P01_20260725_own_008.mp4,G1/P01/20260725/G1_P01_20260725_own_008.mp4,G1,P01,20260725,own,1,008,unknown,unknown,unknown
G1_P01_20260725_own_009.mp4,G1/P01/20260725/G1_P01_20260725_own_009.mp4,G1,P01,20260725,own,1,009,unknown,unknown,unknown
G1_P01_20260725_own_010.mp4,G1/P01/20260725/G1_P01_20260725_own_010.mp4,G1,P01,20260725,own,1,010,unknown,unknown,unknown
G1_P01_20260725_own_011.mp4,G1/P01/20260725/G1_P01_20260725_own_011.mp4,G1,P01,20260725,own,1,011,unknown,unknown,unknown
G1_P01_20260725_own_012.mp4,G1/P01/20260725/G1_P01_20260725_own_012.mp4,G1,P01,20260725,own,1,012,unknown,unknown,unknown
G1_P01_20260725_own_013.mp4,G1/P01/20260725/G1_P01_20260725_own_013.mp4,G1,P01,20260725,own,1,013,unknown,unknown,unknown
G1_P01_20260725_own_014.mp4,G1/P01/20260725/G1_P01_20260725_own_014.mp4,G1,P01,20260725,own,1,014,unknown,unknown,unknown
G1_P01_20260725_own_015.mp4,G1/P01/20260725/G1_P01_20260725_own_015.mp4,G1,P01,20260725,own,1,015,unknown,unknown,unknown
G1_P01_20260730_own_001.mp4,G1/P01/20260730/G1_P01_20260730_own_001.mp4,G1,P01,20260730,own,1,001,unknown,unknown,unknown
G1_P01_20260730_own_002.mp4,G1/P01/20260730/G1_P01_20260730_own_002.mp4,G1,P01,20260730,own,1,002,unknown,unknown,unknown
G1_P01_20260730_own_003.mp4,G1/P01/20260730/G1_P01_20260730_own_003.mp4,G1,P01,20260730,own,1,003,unknown,unknown,unknown
G1_P01_20260730_own_004.mp4,G1/P01/20260730/G1_P01_20260730_own_004.mp4,G1,P01,20260730,own,1,004,unknown,unknown,unknown
G1_P01_20260730_own_005.mp4,G1/P01/20260730/G1_P01_20260730_own_005.mp4,G1,P01,20260730,own,1,005,unknown,unknown,unknown
G1_P01_20260802_own_001.mp4,G1/P01/20260802/G1_P01_20260802_own_001.mp4,G1,P01,20260802,own,1,001,unknown,unknown,unknown
G1_P01_20260802_own_002.mp4,G1/P01/20260802/G1_P01_20260802_own_002.mp4,G1,P01,20260802,own,1,002,unknown,unknown,unknown
G1_P01_20260802_own_003.mp4,G1/P01/20260802/G1_P01_20260802_own_003.mp4,G1,P01,20260802,own,1,003,unknown,unknown,unknown
G1_P01_20260802_own_004.mp4,G1/P01/20260802/G1_P01_20260802_own_004.mp4,G1,P01,20260802,own,1,004,unknown,unknown,unknown
G1_P01_20260802_own_005.mp4,G1/P01/20260802/G1_P01_20260802_own_005.mp4,G1,P01,20260802,own,1,005,unknown,unknown,unknown
G1_P01_20260803_own_001.mp4,G1/P01/20260803/G1_P01_20260803_own_001.mp4,G1,P01,20260803,own,1,001,unknown,unknown,unknown
G1_P01_20260803_own_002.mp4,G1/P01/20260803/G1_P01_20260803_own_002.mp4,G1,P01,20260803,own,1,002,unknown,unknown,unknown
G1_P01_20260803_own_003.mp4,G1/P01/20260803/G1_P01_20260803_own_003.mp4,G1,P01,20260803,own,1,003,unknown,unknown,unknown
G1_P01_20260803_own_004.mp4,G1/P01/20260803/G1_P01_20260803_own_004.mp4,G1,P01,20260803,own,1,004,unknown,unknown,unknown
G1_P01_20260803_own_005.mp4,G1/P01/20260803/G1_P01_20260803_own_005.mp4,G1,P01,20260803,own,1,005,unknown,unknown,unknown
G1_P01_20260804_own_001.mp4,G1/P01/20260804/G1_P01_20260804_own_001.mp4,G1,P01,20260804,own,1,001,unknown,unknown,unknown
G1_P01_20260804_own_002.mp4,G1/P01/20260804/G1_P01_20260804_own_002.mp4,G1,P01,20260804,own,1,002,unknown,unknown,unknown
G1_P01_20260804_own_003.mp4,G1/P01/20260804/G1_P01_20260804_own_003.mp4,G1,P01,20260804,own,1,003,unknown,unknown,unknown
G1_P01_20260804_own_004.mp4,G1/P01/20260804/G1_P01_20260804_own_004.mp4,G1,P01,20260804,own,1,004,unknown,unknown,unknown
G1_P01_20260804_own_005.mp4,G1/P01/20260804/G1_P01_20260804_own_005.mp4,G1,P01,20260804,own,1,005,unknown,unknown,unknown
G1_P01_20260805_own_001.mp4,G1/P01/20260805/G1_P01_20260805_own_001.mp4,G1,P01,20260805,own,1,001,unknown,unknown,unknown
G1_P01_20260805_own_002.mp4,G1/P01/20260805/G1_P01_20260805_own_002.mp4,G1,P01,20260805,own,1,002,unknown,unknown,unknown
G1_P01_20260805_own_003.mp4,G1/P01/20260805/G1_P01_20260805_own_003.mp4,G1,P01,20260805,own,1,003,unknown,unknown,unknown
G1_P01_20260805_own_004.mp4,G1/P01/20260805/G1_P01_20260805_own_004.mp4,G1,P01,20260805,own,1,004,unknown,unknown,unknown
G1_P01_20260805_own_005.mp4,G1/P01/20260805/G1_P01_20260805_own_005.mp4,G1,P01,20260805,own,1,005,unknown,unknown,unknown
G1_P02_20260725_impA_001.mp4,G1/P02/20260725/G1_P02_20260725_impA_001.mp4,G1,P02,20260725,impA,0,001,unknown,unknown,unknown
G1_P02_20260725_impA_002.mp4,G1/P02/20260725/G1_P02_20260725_impA_002.mp4,G1,P02,20260725,impA,0,002,unknown,unknown,unknown
G1_P02_20260725_impA_003.mp4,G1/P02/20260725/G1_P02_20260725_impA_003.mp4,G1,P02,20260725,impA,0,003,unknown,unknown,unknown
G1_P02_20260725_impA_004.mp4,G1/P02/20260725/G1_P02_20260725_impA_004.mp4,G1,P02,20260725,impA,0,004,unknown,unknown,unknown
G1_P02_20260725_impA_005.mp4,G1/P02/20260725/G1_P02_20260725_impA_005.mp4,G1,P02,20260725,impA,0,005,unknown,unknown,unknown
G1_P02_20260725_impA_006.mp4,G1/P02/20260725/G1_P02_20260725_impA_006.mp4,G1,P02,20260725,impA,0,006,unknown,unknown,unknown
G1_P02_20260725_impA_007.mp4,G1/P02/20260725/G1_P02_20260725_impA_007.mp4,G1,P02,20260725,impA,0,007,unknown,unknown,unknown
G1_P02_20260725_impA_008.mp4,G1/P02/20260725/G1_P02_20260725_impA_008.mp4,G1,P02,20260725,impA,0,008,unknown,unknown,unknown
G1_P02_20260725_impA_009.mp4,G1/P02/20260725/G1_P02_20260725_impA_009.mp4,G1,P02,20260725,impA,0,009,unknown,unknown,unknown
G1_P02_20260725_impA_010.mp4,G1/P02/20260725/G1_P02_20260725_impA_010.mp4,G1,P02,20260725,impA,0,010,unknown,unknown,unknown
G1_P02_20260729_impA_001.mp4,G1/P02/20260729/G1_P02_20260729_impA_001.mp4,G1,P02,20260729,impA,0,001,unknown,unknown,unknown
G1_P02_20260729_impA_002.mp4,G1/P02/20260729/G1_P02_20260729_impA_002.mp4,G1,P02,20260729,impA,0,002,unknown,unknown,unknown
G1_P02_20260731_impA_001.mp4,G1/P02/20260731/G1_P02_20260731_impA_001.mp4,G1,P02,20260731,impA,0,001,unknown,unknown,unknown
G1_P02_20260731_impA_002.mp4,G1/P02/20260731/G1_P02_20260731_impA_002.mp4,G1,P02,20260731,impA,0,002,unknown,unknown,unknown
G1_P02_20260801_impA_001.mp4,G1/P02/20260801/G1_P02_20260801_impA_001.mp4,G1,P02,20260801,impA,0,001,unknown,unknown,unknown
G1_P02_20260801_impA_002.mp4,G1/P02/20260801/G1_P02_20260801_impA_002.mp4,G1,P02,20260801,impA,0,002,unknown,unknown,unknown
G1_P02_20260802_impA_001.mp4,G1/P02/20260802/G1_P02_20260802_impA_001.mp4,G1,P02,20260802,impA,0,001,unknown,unknown,unknown
G1_P02_20260802_impA_002.mp4,G1/P02/20260802/G1_P02_20260802_impA_002.mp4,G1,P02,20260802,impA,0,002,unknown,unknown,unknown
G1_P02_20260803_impA_001.mp4,G1/P02/20260803/G1_P02_20260803_impA_001.mp4,G1,P02,20260803,impA,0,001,unknown,unknown,unknown
G1_P02_20260803_impA_002.mp4,G1/P02/20260803/G1_P02_20260803_impA_002.mp4,G1,P02,20260803,impA,0,002,unknown,unknown,unknown
G1_P02_20260804_impA_001.mp4,G1/P02/20260804/G1_P02_20260804_impA_001.mp4,G1,P02,20260804,impA,0,001,unknown,unknown,unknown
G1_P02_20260804_impA_002.mp4,G1/P02/20260804/G1_P02_20260804_impA_002.mp4,G1,P02,20260804,impA,0,002,unknown,unknown,unknown
G1_P03_20260725_impA_001.mp4,G1/P03/20260725/G1_P03_20260725_impA_001.mp4,G1,P03,20260725,impA,0,001,unknown,unknown,unknown
G1_P03_20260725_impA_002.mp4,G1/P03/20260725/G1_P03_20260725_impA_002.mp4,G1,P03,20260725,impA,0,002,unknown,unknown,unknown
G1_P03_20260725_impA_003.mp4,G1/P03/20260725/G1_P03_20260725_impA_003.mp4,G1,P03,20260725,impA,0,003,unknown,unknown,unknown
G1_P03_20260725_impA_004.mp4,G1/P03/20260725/G1_P03_20260725_impA_004.mp4,G1,P03,20260725,impA,0,004,unknown,unknown,unknown
G1_P03_20260725_impA_005.mp4,G1/P03/20260725/G1_P03_20260725_impA_005.mp4,G1,P03,20260725,impA,0,005,unknown,unknown,unknown
G1_P03_20260725_impA_006.mp4,G1/P03/20260725/G1_P03_20260725_impA_006.mp4,G1,P03,20260725,impA,0,006,unknown,unknown,unknown
G1_P03_20260725_impA_007.mp4,G1/P03/20260725/G1_P03_20260725_impA_007.mp4,G1,P03,20260725,impA,0,007,unknown,unknown,unknown
G1_P03_20260725_impA_008.mp4,G1/P03/20260725/G1_P03_20260725_impA_008.mp4,G1,P03,20260725,impA,0,008,unknown,unknown,unknown
G1_P03_20260725_impA_009.mp4,G1/P03/20260725/G1_P03_20260725_impA_009.mp4,G1,P03,20260725,impA,0,009,unknown,unknown,unknown
G1_P03_20260725_impA_010.mp4,G1/P03/20260725/G1_P03_20260725_impA_010.mp4,G1,P03,20260725,impA,0,010,unknown,unknown,unknown
G1_P03_20260803_impA_001.mp4,G1/P03/20260803/G1_P03_20260803_impA_001.mp4,G1,P03,20260803,impA,0,001,unknown,unknown,unknown
G1_P03_20260803_impA_002.mp4,G1/P03/20260803/G1_P03_20260803_impA_002.mp4,G1,P03,20260803,impA,0,002,unknown,unknown,unknown
G1_P03_20260804_impA_001.mp4,G1/P03/20260804/G1_P03_20260804_impA_001.mp4,G1,P03,20260804,impA,0,001,unknown,unknown,unknown
G1_P03_20260804_impA_002.mp4,G1/P03/20260804/G1_P03_20260804_impA_002.mp4,G1,P03,20260804,impA,0,002,unknown,unknown,unknown
G1_P03_20260805_impA_001.mp4,G1/P03/20260805/G1_P03_20260805_impA_001.mp4,G1,P03,20260805,impA,0,001,unknown,unknown,unknown
G1_P03_20260805_impA_002.mp4,G1/P03/20260805/G1_P03_20260805_impA_002.mp4,G1,P03,20260805,impA,0,002,unknown,unknown,unknown
G1_P03_20260805_impA_003.mp4,G1/P03/20260805/G1_P03_20260805_impA_003.mp4,G1,P03,20260805,impA,0,003,unknown,unknown,unknown
G1_P03_20260805_impA_004.mp4,G1/P03/20260805/G1_P03_20260805_impA_004.mp4,G1,P03,20260805,impA,0,004,unknown,unknown,unknown
G1_P04_20260725_impA_001.mp4,G1/P04/20260725/G1_P04_20260725_impA_001.mp4,G1,P04,20260725,impA,0,001,unknown,unknown,unknown
G1_P04_20260725_impA_002.mp4,G1/P04/20260725/G1_P04_20260725_impA_002.mp4,G1,P04,20260725,impA,0,002,unknown,unknown,unknown
G1_P04_20260725_impA_003.mp4,G1/P04/20260725/G1_P04_20260725_impA_003.mp4,G1,P04,20260725,impA,0,003,unknown,unknown,unknown
G1_P04_20260725_impA_004.mp4,G1/P04/20260725/G1_P04_20260725_impA_004.mp4,G1,P04,20260725,impA,0,004,unknown,unknown,unknown
G1_P04_20260725_impA_005.mp4,G1/P04/20260725/G1_P04_20260725_impA_005.mp4,G1,P04,20260725,impA,0,005,unknown,unknown,unknown
G1_P04_20260725_impA_006.mp4,G1/P04/20260725/G1_P04_20260725_impA_006.mp4,G1,P04,20260725,impA,0,006,unknown,unknown,unknown
G1_P04_20260725_impA_007.mp4,G1/P04/20260725/G1_P04_20260725_impA_007.mp4,G1,P04,20260725,impA,0,007,unknown,unknown,unknown
G1_P04_20260725_impA_008.mp4,G1/P04/20260725/G1_P04_20260725_impA_008.mp4,G1,P04,20260725,impA,0,008,unknown,unknown,unknown
G1_P04_20260725_impA_009.mp4,G1/P04/20260725/G1_P04_20260725_impA_009.mp4,G1,P04,20260725,impA,0,009,unknown,unknown,unknown
G1_P04_20260725_impA_010.mp4,G1/P04/20260725/G1_P04_20260725_impA_010.mp4,G1,P04,20260725,impA,0,010,unknown,unknown,unknown
G1_P04_20260730_impA_001.mp4,G1/P04/20260730/G1_P04_20260730_impA_001.mp4,G1,P04,20260730,impA,0,001,unknown,unknown,unknown
G1_P04_20260730_impA_002.mp4,G1/P04/20260730/G1_P04_20260730_impA_002.mp4,G1,P04,20260730,impA,0,002,unknown,unknown,unknown
G1_P04_20260802_impA_001.mp4,G1/P04/20260802/G1_P04_20260802_impA_001.mp4,G1,P04,20260802,impA,0,001,unknown,unknown,unknown
G1_P04_20260802_impA_002.mp4,G1/P04/20260802/G1_P04_20260802_impA_002.mp4,G1,P04,20260802,impA,0,002,unknown,unknown,unknown
G1_P04_20260803_impA_001.mp4,G1/P04/20260803/G1_P04_20260803_impA_001.mp4,G1,P04,20260803,impA,0,001,unknown,unknown,unknown
G1_P04_20260803_impA_002.mp4,G1/P04/20260803/G1_P04_20260803_impA_002.mp4,G1,P04,20260803,impA,0,002,unknown,unknown,unknown
G1_P04_20260804_impA_001.mp4,G1/P04/20260804/G1_P04_20260804_impA_001.mp4,G1,P04,20260804,impA,0,001,unknown,unknown,unknown
G1_P04_20260804_impA_002.mp4,G1/P04/20260804/G1_P04_20260804_impA_002.mp4,G1,P04,20260804,impA,0,002,unknown,unknown,unknown
G1_P04_20260805_impA_001.mp4,G1/P04/20260805/G1_P04_20260805_impA_001.mp4,G1,P04,20260805,impA,0,001,unknown,unknown,unknown
G1_P04_20260805_impA_002.mp4,G1/P04/20260805/G1_P04_20260805_impA_002.mp4,G1,P04,20260805,impA,0,002,unknown,unknown,unknown
G1_P05_20260725_impA_001.mp4,G1/P05/20260725/G1_P05_20260725_impA_001.mp4,G1,P05,20260725,impA,0,001,unknown,unknown,unknown
G1_P05_20260725_impA_002.mp4,G1/P05/20260725/G1_P05_20260725_impA_002.mp4,G1,P05,20260725,impA,0,002,unknown,unknown,unknown
G1_P05_20260725_impA_003.mp4,G1/P05/20260725/G1_P05_20260725_impA_003.mp4,G1,P05,20260725,impA,0,003,unknown,unknown,unknown
G1_P05_20260725_impA_004.mp4,G1/P05/20260725/G1_P05_20260725_impA_004.mp4,G1,P05,20260725,impA,0,004,unknown,unknown,unknown
G1_P05_20260725_impA_005.mp4,G1/P05/20260725/G1_P05_20260725_impA_005.mp4,G1,P05,20260725,impA,0,005,unknown,unknown,unknown
G1_P05_20260725_impA_006.mp4,G1/P05/20260725/G1_P05_20260725_impA_006.mp4,G1,P05,20260725,impA,0,006,unknown,unknown,unknown
G1_P05_20260725_impA_007.mp4,G1/P05/20260725/G1_P05_20260725_impA_007.mp4,G1,P05,20260725,impA,0,007,unknown,unknown,unknown
G1_P05_20260725_impA_008.mp4,G1/P05/20260725/G1_P05_20260725_impA_008.mp4,G1,P05,20260725,impA,0,008,unknown,unknown,unknown
G1_P05_20260725_impA_009.mp4,G1/P05/20260725/G1_P05_20260725_impA_009.mp4,G1,P05,20260725,impA,0,009,unknown,unknown,unknown
G1_P05_20260725_impA_010.mp4,G1/P05/20260725/G1_P05_20260725_impA_010.mp4,G1,P05,20260725,impA,0,010,unknown,unknown,unknown
G1_P05_20260731_impA_001.mp4,G1/P05/20260731/G1_P05_20260731_impA_001.mp4,G1,P05,20260731,impA,0,001,unknown,unknown,unknown
G1_P05_20260731_impA_002.mp4,G1/P05/20260731/G1_P05_20260731_impA_002.mp4,G1,P05,20260731,impA,0,002,unknown,unknown,unknown
G1_P05_20260801_impA_001.mp4,G1/P05/20260801/G1_P05_20260801_impA_001.mp4,G1,P05,20260801,impA,0,001,unknown,unknown,unknown
G1_P05_20260801_impA_002.mp4,G1/P05/20260801/G1_P05_20260801_impA_002.mp4,G1,P05,20260801,impA,0,002,unknown,unknown,unknown
G1_P05_20260802_impA_001.mp4,G1/P05/20260802/G1_P05_20260802_impA_001.mp4,G1,P05,20260802,impA,0,001,unknown,unknown,unknown
G1_P05_20260802_impA_002.mp4,G1/P05/20260802/G1_P05_20260802_impA_002.mp4,G1,P05,20260802,impA,0,002,unknown,unknown,unknown
G1_P05_20260803_impA_001.mp4,G1/P05/20260803/G1_P05_20260803_impA_001.mp4,G1,P05,20260803,impA,0,001,unknown,unknown,unknown
G1_P05_20260803_impA_002.mp4,G1/P05/20260803/G1_P05_20260803_impA_002.mp4,G1,P05,20260803,impA,0,002,unknown,unknown,unknown
G1_P05_20260804_impA_001.mp4,G1/P05/20260804/G1_P05_20260804_impA_001.mp4,G1,P05,20260804,impA,0,001,unknown,unknown,unknown
G1_P05_20260804_impA_002.mp4,G1/P05/20260804/G1_P05_20260804_impA_002.mp4,G1,P05,20260804,impA,0,002,unknown,unknown,unknown
G1_P06_20260725_impA_001.mp4,G1/P06/20260725/G1_P06_20260725_impA_001.mp4,G1,P06,20260725,impA,0,001,unknown,unknown,unknown
G1_P06_20260725_impA_002.mp4,G1/P06/20260725/G1_P06_20260725_impA_002.mp4,G1,P06,20260725,impA,0,002,unknown,unknown,unknown
G1_P06_20260725_impA_003.mp4,G1/P06/20260725/G1_P06_20260725_impA_003.mp4,G1,P06,20260725,impA,0,003,unknown,unknown,unknown
G1_P06_20260725_impA_004.mp4,G1/P06/20260725/G1_P06_20260725_impA_004.mp4,G1,P06,20260725,impA,0,004,unknown,unknown,unknown
G1_P06_20260725_impA_005.mp4,G1/P06/20260725/G1_P06_20260725_impA_005.mp4,G1,P06,20260725,impA,0,005,unknown,unknown,unknown
G1_P06_20260725_impA_006.mp4,G1/P06/20260725/G1_P06_20260725_impA_006.mp4,G1,P06,20260725,impA,0,006,unknown,unknown,unknown
G1_P06_20260725_impA_007.mp4,G1/P06/20260725/G1_P06_20260725_impA_007.mp4,G1,P06,20260725,impA,0,007,unknown,unknown,unknown
G1_P06_20260725_impA_008.mp4,G1/P06/20260725/G1_P06_20260725_impA_008.mp4,G1,P06,20260725,impA,0,008,unknown,unknown,unknown
G1_P06_20260725_impA_009.mp4,G1/P06/20260725/G1_P06_20260725_impA_009.mp4,G1,P06,20260725,impA,0,009,unknown,unknown,unknown
G1_P06_20260725_impA_010.mp4,G1/P06/20260725/G1_P06_20260725_impA_010.mp4,G1,P06,20260725,impA,0,010,unknown,unknown,unknown
G2_P01_20260725_impA_001.mp4,G2/P01/20260725/G2_P01_20260725_impA_001.mp4,G2,P01,20260725,impA,0,001,unknown,unknown,unknown
G2_P01_20260725_impA_002.mp4,G2/P01/20260725/G2_P01_20260725_impA_002.mp4,G2,P01,20260725,impA,0,002,unknown,unknown,unknown
G2_P01_20260725_impA_003.mp4,G2/P01/20260725/G2_P01_20260725_impA_003.mp4,G2,P01,20260725,impA,0,003,unknown,unknown,unknown
G2_P01_20260725_impA_004.mp4,G2/P01/20260725/G2_P01_20260725_impA_004.mp4,G2,P01,20260725,impA,0,004,unknown,unknown,unknown
G2_P01_20260725_impA_005.mp4,G2/P01/20260725/G2_P01_20260725_impA_005.mp4,G2,P01,20260725,impA,0,005,unknown,unknown,unknown
G2_P01_20260725_impA_006.mp4,G2/P01/20260725/G2_P01_20260725_impA_006.mp4,G2,P01,20260725,impA,0,006,unknown,unknown,unknown
G2_P01_20260725_impA_007.mp4,G2/P01/20260725/G2_P01_20260725_impA_007.mp4,G2,P01,20260725,impA,0,007,unknown,unknown,unknown
G2_P01_20260725_impA_008.mp4,G2/P01/20260725/G2_P01_20260725_impA_008.mp4,G2,P01,20260725,impA,0,008,unknown,unknown,unknown
G2_P01_20260725_impA_009.mp4,G2/P01/20260725/G2_P01_20260725_impA_009.mp4,G2,P01,20260725,impA,0,009,unknown,unknown,unknown
G2_P01_20260725_impA_010.mp4,G2/P01/20260725/G2_P01_20260725_impA_010.mp4,G2,P01,20260725,impA,0,010,unknown,unknown,unknown
G2_P01_20260730_impA_001.mp4,G2/P01/20260730/G2_P01_20260730_impA_001.mp4,G2,P01,20260730,impA,0,001,unknown,unknown,unknown
G2_P01_20260730_impA_002.mp4,G2/P01/20260730/G2_P01_20260730_impA_002.mp4,G2,P01,20260730,impA,0,002,unknown,unknown,unknown
G2_P01_20260802_impA_001.mp4,G2/P01/20260802/G2_P01_20260802_impA_001.mp4,G2,P01,20260802,impA,0,001,unknown,unknown,unknown
G2_P01_20260802_impA_002.mp4,G2/P01/20260802/G2_P01_20260802_impA_002.mp4,G2,P01,20260802,impA,0,002,unknown,unknown,unknown
G2_P01_20260803_impA_001.mp4,G2/P01/20260803/G2_P01_20260803_impA_001.mp4,G2,P01,20260803,impA,0,001,unknown,unknown,unknown
G2_P01_20260803_impA_002.mp4,G2/P01/20260803/G2_P01_20260803_impA_002.mp4,G2,P01,20260803,impA,0,002,unknown,unknown,unknown
G2_P01_20260804_impA_001.mp4,G2/P01/20260804/G2_P01_20260804_impA_001.mp4,G2,P01,20260804,impA,0,001,unknown,unknown,unknown
G2_P01_20260804_impA_002.mp4,G2/P01/20260804/G2_P01_20260804_impA_002.mp4,G2,P01,20260804,impA,0,002,unknown,unknown,unknown
G2_P01_20260805_impA_001.mp4,G2/P01/20260805/G2_P01_20260805_impA_001.mp4,G2,P01,20260805,impA,0,001,unknown,unknown,unknown
G2_P01_20260805_impA_002.mp4,G2/P01/20260805/G2_P01_20260805_impA_002.mp4,G2,P01,20260805,impA,0,002,unknown,unknown,unknown
G2_P02_20260725_own_001.mp4,G2/P02/20260725/G2_P02_20260725_own_001.mp4,G2,P02,20260725,own,1,001,unknown,unknown,unknown
G2_P02_20260725_own_002.mp4,G2/P02/20260725/G2_P02_20260725_own_002.mp4,G2,P02,20260725,own,1,002,unknown,unknown,unknown
G2_P02_20260725_own_003.mp4,G2/P02/20260725/G2_P02_20260725_own_003.mp4,G2,P02,20260725,own,1,003,unknown,unknown,unknown
G2_P02_20260725_own_004.mp4,G2/P02/20260725/G2_P02_20260725_own_004.mp4,G2,P02,20260725,own,1,004,unknown,unknown,unknown
G2_P02_20260725_own_005.mp4,G2/P02/20260725/G2_P02_20260725_own_005.mp4,G2,P02,20260725,own,1,005,unknown,unknown,unknown
G2_P02_20260725_own_006.mp4,G2/P02/20260725/G2_P02_20260725_own_006.mp4,G2,P02,20260725,own,1,006,unknown,unknown,unknown
G2_P02_20260725_own_007.mp4,G2/P02/20260725/G2_P02_20260725_own_007.mp4,G2,P02,20260725,own,1,007,unknown,unknown,unknown
G2_P02_20260725_own_008.mp4,G2/P02/20260725/G2_P02_20260725_own_008.mp4,G2,P02,20260725,own,1,008,unknown,unknown,unknown
G2_P02_20260725_own_009.mp4,G2/P02/20260725/G2_P02_20260725_own_009.mp4,G2,P02,20260725,own,1,009,unknown,unknown,unknown
G2_P02_20260725_own_010.mp4,G2/P02/20260725/G2_P02_20260725_own_010.mp4,G2,P02,20260725,own,1,010,unknown,unknown,unknown
G2_P02_20260729_own_001.mp4,G2/P02/20260729/G2_P02_20260729_own_001.mp4,G2,P02,20260729,own,1,001,unknown,unknown,unknown
G2_P02_20260729_own_002.mp4,G2/P02/20260729/G2_P02_20260729_own_002.mp4,G2,P02,20260729,own,1,002,unknown,unknown,unknown
G2_P02_20260729_own_003.mp4,G2/P02/20260729/G2_P02_20260729_own_003.mp4,G2,P02,20260729,own,1,003,unknown,unknown,unknown
G2_P02_20260729_own_004.mp4,G2/P02/20260729/G2_P02_20260729_own_004.mp4,G2,P02,20260729,own,1,004,unknown,unknown,unknown
G2_P02_20260729_own_005.mp4,G2/P02/20260729/G2_P02_20260729_own_005.mp4,G2,P02,20260729,own,1,005,unknown,unknown,unknown
G2_P02_20260731_own_001.mp4,G2/P02/20260731/G2_P02_20260731_own_001.mp4,G2,P02,20260731,own,1,001,unknown,unknown,unknown
G2_P02_20260731_own_002.mp4,G2/P02/20260731/G2_P02_20260731_own_002.mp4,G2,P02,20260731,own,1,002,unknown,unknown,unknown
G2_P02_20260731_own_003.mp4,G2/P02/20260731/G2_P02_20260731_own_003.mp4,G2,P02,20260731,own,1,003,unknown,unknown,unknown
G2_P02_20260731_own_004.mp4,G2/P02/20260731/G2_P02_20260731_own_004.mp4,G2,P02,20260731,own,1,004,unknown,unknown,unknown
G2_P02_20260731_own_005.mp4,G2/P02/20260731/G2_P02_20260731_own_005.mp4,G2,P02,20260731,own,1,005,unknown,unknown,unknown
G2_P02_20260801_own_001.mp4,G2/P02/20260801/G2_P02_20260801_own_001.mp4,G2,P02,20260801,own,1,001,unknown,unknown,unknown
G2_P02_20260801_own_002.mp4,G2/P02/20260801/G2_P02_20260801_own_002.mp4,G2,P02,20260801,own,1,002,unknown,unknown,unknown
G2_P02_20260801_own_003.mp4,G2/P02/20260801/G2_P02_20260801_own_003.mp4,G2,P02,20260801,own,1,003,unknown,unknown,unknown
G2_P02_20260801_own_004.mp4,G2/P02/20260801/G2_P02_20260801_own_004.mp4,G2,P02,20260801,own,1,004,unknown,unknown,unknown
G2_P02_20260801_own_005.mp4,G2/P02/20260801/G2_P02_20260801_own_005.mp4,G2,P02,20260801,own,1,005,unknown,unknown,unknown
G2_P02_20260802_own_001.mp4,G2/P02/20260802/G2_P02_20260802_own_001.mp4,G2,P02,20260802,own,1,001,unknown,unknown,unknown
G2_P02_20260802_own_002.mp4,G2/P02/20260802/G2_P02_20260802_own_002.mp4,G2,P02,20260802,own,1,002,unknown,unknown,unknown
G2_P02_20260802_own_003.mp4,G2/P02/20260802/G2_P02_20260802_own_003.mp4,G2,P02,20260802,own,1,003,unknown,unknown,unknown
G2_P02_20260802_own_004.mp4,G2/P02/20260802/G2_P02_20260802_own_004.mp4,G2,P02,20260802,own,1,004,unknown,unknown,unknown
G2_P02_20260802_own_005.mp4,G2/P02/20260802/G2_P02_20260802_own_005.mp4,G2,P02,20260802,own,1,005,unknown,unknown,unknown
G2_P02_20260803_own_001.mp4,G2/P02/20260803/G2_P02_20260803_own_001.mp4,G2,P02,20260803,own,1,001,unknown,unknown,unknown
G2_P02_20260803_own_002.mp4,G2/P02/20260803/G2_P02_20260803_own_002.mp4,G2,P02,20260803,own,1,002,unknown,unknown,unknown
G2_P02_20260803_own_003.mp4,G2/P02/20260803/G2_P02_20260803_own_003.mp4,G2,P02,20260803,own,1,003,unknown,unknown,unknown
G2_P02_20260803_own_004.mp4,G2/P02/20260803/G2_P02_20260803_own_004.mp4,G2,P02,20260803,own,1,004,unknown,unknown,unknown
G2_P02_20260803_own_005.mp4,G2/P02/20260803/G2_P02_20260803_own_005.mp4,G2,P02,20260803,own,1,005,unknown,unknown,unknown
G2_P02_20260804_own_001.mp4,G2/P02/20260804/G2_P02_20260804_own_001.mp4,G2,P02,20260804,own,1,001,unknown,unknown,unknown
G2_P02_20260804_own_002.mp4,G2/P02/20260804/G2_P02_20260804_own_002.mp4,G2,P02,20260804,own,1,002,unknown,unknown,unknown
G2_P02_20260804_own_003.mp4,G2/P02/20260804/G2_P02_20260804_own_003.mp4,G2,P02,20260804,own,1,003,unknown,unknown,unknown
G2_P02_20260804_own_004.mp4,G2/P02/20260804/G2_P02_20260804_own_004.mp4,G2,P02,20260804,own,1,004,unknown,unknown,unknown
G2_P02_20260804_own_005.mp4,G2/P02/20260804/G2_P02_20260804_own_005.mp4,G2,P02,20260804,own,1,005,unknown,unknown,unknown
G2_P03_20260725_impA_001.mp4,G2/P03/20260725/G2_P03_20260725_impA_001.mp4,G2,P03,20260725,impA,0,001,unknown,unknown,unknown
G2_P03_20260725_impA_002.mp4,G2/P03/20260725/G2_P03_20260725_impA_002.mp4,G2,P03,20260725,impA,0,002,unknown,unknown,unknown
G2_P03_20260725_impA_003.mp4,G2/P03/20260725/G2_P03_20260725_impA_003.mp4,G2,P03,20260725,impA,0,003,unknown,unknown,unknown
G2_P03_20260725_impA_004.mp4,G2/P03/20260725/G2_P03_20260725_impA_004.mp4,G2,P03,20260725,impA,0,004,unknown,unknown,unknown
G2_P03_20260725_impA_005.mp4,G2/P03/20260725/G2_P03_20260725_impA_005.mp4,G2,P03,20260725,impA,0,005,unknown,unknown,unknown
G2_P03_20260725_impA_006.mp4,G2/P03/20260725/G2_P03_20260725_impA_006.mp4,G2,P03,20260725,impA,0,006,unknown,unknown,unknown
G2_P03_20260725_impA_007.mp4,G2/P03/20260725/G2_P03_20260725_impA_007.mp4,G2,P03,20260725,impA,0,007,unknown,unknown,unknown
G2_P03_20260725_impA_008.mp4,G2/P03/20260725/G2_P03_20260725_impA_008.mp4,G2,P03,20260725,impA,0,008,unknown,unknown,unknown
G2_P03_20260725_impA_009.mp4,G2/P03/20260725/G2_P03_20260725_impA_009.mp4,G2,P03,20260725,impA,0,009,unknown,unknown,unknown
G2_P03_20260725_impA_010.mp4,G2/P03/20260725/G2_P03_20260725_impA_010.mp4,G2,P03,20260725,impA,0,010,unknown,unknown,unknown
G2_P03_20260803_impA_001.mp4,G2/P03/20260803/G2_P03_20260803_impA_001.mp4,G2,P03,20260803,impA,0,001,unknown,unknown,unknown
G2_P03_20260803_impA_002.mp4,G2/P03/20260803/G2_P03_20260803_impA_002.mp4,G2,P03,20260803,impA,0,002,unknown,unknown,unknown
G2_P03_20260804_impA_001.mp4,G2/P03/20260804/G2_P03_20260804_impA_001.mp4,G2,P03,20260804,impA,0,001,unknown,unknown,unknown
G2_P03_20260804_impA_002.mp4,G2/P03/20260804/G2_P03_20260804_impA_002.mp4,G2,P03,20260804,impA,0,002,unknown,unknown,unknown
G2_P03_20260805_impA_001.mp4,G2/P03/20260805/G2_P03_20260805_impA_001.mp4,G2,P03,20260805,impA,0,001,unknown,unknown,unknown
G2_P03_20260805_impA_002.mp4,G2/P03/20260805/G2_P03_20260805_impA_002.mp4,G2,P03,20260805,impA,0,002,unknown,unknown,unknown
G2_P03_20260805_impA_003.mp4,G2/P03/20260805/G2_P03_20260805_impA_003.mp4,G2,P03,20260805,impA,0,003,unknown,unknown,unknown
G2_P03_20260805_impA_004.mp4,G2/P03/20260805/G2_P03_20260805_impA_004.mp4,G2,P03,20260805,impA,0,004,unknown,unknown,unknown
G2_P04_20260725_impA_001.mp4,G2/P04/20260725/G2_P04_20260725_impA_001.mp4,G2,P04,20260725,impA,0,001,unknown,unknown,unknown
G2_P04_20260725_impA_002.mp4,G2/P04/20260725/G2_P04_20260725_impA_002.mp4,G2,P04,20260725,impA,0,002,unknown,unknown,unknown
G2_P04_20260725_impA_003.mp4,G2/P04/20260725/G2_P04_20260725_impA_003.mp4,G2,P04,20260725,impA,0,003,unknown,unknown,unknown
G2_P04_20260725_impA_004.mp4,G2/P04/20260725/G2_P04_20260725_impA_004.mp4,G2,P04,20260725,impA,0,004,unknown,unknown,unknown
G2_P04_20260725_impA_005.mp4,G2/P04/20260725/G2_P04_20260725_impA_005.mp4,G2,P04,20260725,impA,0,005,unknown,unknown,unknown
G2_P04_20260725_impA_006.mp4,G2/P04/20260725/G2_P04_20260725_impA_006.mp4,G2,P04,20260725,impA,0,006,unknown,unknown,unknown
G2_P04_20260725_impA_007.mp4,G2/P04/20260725/G2_P04_20260725_impA_007.mp4,G2,P04,20260725,impA,0,007,unknown,unknown,unknown
G2_P04_20260725_impA_008.mp4,G2/P04/20260725/G2_P04_20260725_impA_008.mp4,G2,P04,20260725,impA,0,008,unknown,unknown,unknown
G2_P04_20260725_impA_009.mp4,G2/P04/20260725/G2_P04_20260725_impA_009.mp4,G2,P04,20260725,impA,0,009,unknown,unknown,unknown
G2_P04_20260725_impA_010.mp4,G2/P04/20260725/G2_P04_20260725_impA_010.mp4,G2,P04,20260725,impA,0,010,unknown,unknown,unknown
G2_P04_20260730_impA_001.mp4,G2/P04/20260730/G2_P04_20260730_impA_001.mp4,G2,P04,20260730,impA,0,001,unknown,unknown,unknown
G2_P04_20260730_impA_002.mp4,G2/P04/20260730/G2_P04_20260730_impA_002.mp4,G2,P04,20260730,impA,0,002,unknown,unknown,unknown
G2_P04_20260802_impA_001.mp4,G2/P04/20260802/G2_P04_20260802_impA_001.mp4,G2,P04,20260802,impA,0,001,unknown,unknown,unknown
G2_P04_20260802_impA_002.mp4,G2/P04/20260802/G2_P04_20260802_impA_002.mp4,G2,P04,20260802,impA,0,002,unknown,unknown,unknown
G2_P04_20260803_impA_001.mp4,G2/P04/20260803/G2_P04_20260803_impA_001.mp4,G2,P04,20260803,impA,0,001,unknown,unknown,unknown
G2_P04_20260803_impA_002.mp4,G2/P04/20260803/G2_P04_20260803_impA_002.mp4,G2,P04,20260803,impA,0,002,unknown,unknown,unknown
G2_P04_20260804_impA_001.mp4,G2/P04/20260804/G2_P04_20260804_impA_001.mp4,G2,P04,20260804,impA,0,001,unknown,unknown,unknown
G2_P04_20260804_impA_002.mp4,G2/P04/20260804/G2_P04_20260804_impA_002.mp4,G2,P04,20260804,impA,0,002,unknown,unknown,unknown
G2_P04_20260805_impA_001.mp4,G2/P04/20260805/G2_P04_20260805_impA_001.mp4,G2,P04,20260805,impA,0,001,unknown,unknown,unknown
G2_P04_20260805_impA_002.mp4,G2/P04/20260805/G2_P04_20260805_impA_002.mp4,G2,P04,20260805,impA,0,002,unknown,unknown,unknown
G2_P05_20260725_impA_001.mp4,G2/P05/20260725/G2_P05_20260725_impA_001.mp4,G2,P05,20260725,impA,0,001,unknown,unknown,unknown
G2_P05_20260725_impA_002.mp4,G2/P05/20260725/G2_P05_20260725_impA_002.mp4,G2,P05,20260725,impA,0,002,unknown,unknown,unknown
G2_P05_20260725_impA_003.mp4,G2/P05/20260725/G2_P05_20260725_impA_003.mp4,G2,P05,20260725,impA,0,003,unknown,unknown,unknown
G2_P05_20260725_impA_004.mp4,G2/P05/20260725/G2_P05_20260725_impA_004.mp4,G2,P05,20260725,impA,0,004,unknown,unknown,unknown
G2_P05_20260725_impA_005.mp4,G2/P05/20260725/G2_P05_20260725_impA_005.mp4,G2,P05,20260725,impA,0,005,unknown,unknown,unknown
G2_P05_20260725_impA_006.mp4,G2/P05/20260725/G2_P05_20260725_impA_006.mp4,G2,P05,20260725,impA,0,006,unknown,unknown,unknown
G2_P05_20260725_impA_007.mp4,G2/P05/20260725/G2_P05_20260725_impA_007.mp4,G2,P05,20260725,impA,0,007,unknown,unknown,unknown
G2_P05_20260725_impA_008.mp4,G2/P05/20260725/G2_P05_20260725_impA_008.mp4,G2,P05,20260725,impA,0,008,unknown,unknown,unknown
G2_P05_20260725_impA_009.mp4,G2/P05/20260725/G2_P05_20260725_impA_009.mp4,G2,P05,20260725,impA,0,009,unknown,unknown,unknown
G2_P05_20260725_impA_010.mp4,G2/P05/20260725/G2_P05_20260725_impA_010.mp4,G2,P05,20260725,impA,0,010,unknown,unknown,unknown
G2_P05_20260731_impA_001.mp4,G2/P05/20260731/G2_P05_20260731_impA_001.mp4,G2,P05,20260731,impA,0,001,unknown,unknown,unknown
G2_P05_20260731_impA_002.mp4,G2/P05/20260731/G2_P05_20260731_impA_002.mp4,G2,P05,20260731,impA,0,002,unknown,unknown,unknown
G2_P05_20260801_impA_001.mp4,G2/P05/20260801/G2_P05_20260801_impA_001.mp4,G2,P05,20260801,impA,0,001,unknown,unknown,unknown
G2_P05_20260801_impA_002.mp4,G2/P05/20260801/G2_P05_20260801_impA_002.mp4,G2,P05,20260801,impA,0,002,unknown,unknown,unknown
G2_P05_20260802_impA_001.mp4,G2/P05/20260802/G2_P05_20260802_impA_001.mp4,G2,P05,20260802,impA,0,001,unknown,unknown,unknown
G2_P05_20260802_impA_002.mp4,G2/P05/20260802/G2_P05_20260802_impA_002.mp4,G2,P05,20260802,impA,0,002,unknown,unknown,unknown
G2_P05_20260803_impA_001.mp4,G2/P05/20260803/G2_P05_20260803_impA_001.mp4,G2,P05,20260803,impA,0,001,unknown,unknown,unknown
G2_P05_20260803_impA_002.mp4,G2/P05/20260803/G2_P05_20260803_impA_002.mp4,G2,P05,20260803,impA,0,002,unknown,unknown,unknown
G2_P05_20260804_impA_001.mp4,G2/P05/20260804/G2_P05_20260804_impA_001.mp4,G2,P05,20260804,impA,0,001,unknown,unknown,unknown
G2_P05_20260804_impA_002.mp4,G2/P05/20260804/G2_P05_20260804_impA_002.mp4,G2,P05,20260804,impA,0,002,unknown,unknown,unknown
G2_P06_20260725_impA_001.mp4,G2/P06/20260725/G2_P06_20260725_impA_001.mp4,G2,P06,20260725,impA,0,001,unknown,unknown,unknown
G2_P06_20260725_impA_002.mp4,G2/P06/20260725/G2_P06_20260725_impA_002.mp4,G2,P06,20260725,impA,0,002,unknown,unknown,unknown
G2_P06_20260725_impA_003.mp4,G2/P06/20260725/G2_P06_20260725_impA_003.mp4,G2,P06,20260725,impA,0,003,unknown,unknown,unknown
G2_P06_20260725_impA_004.mp4,G2/P06/20260725/G2_P06_20260725_impA_004.mp4,G2,P06,20260725,impA,0,004,unknown,unknown,unknown
G2_P06_20260725_impA_005.mp4,G2/P06/20260725/G2_P06_20260725_impA_005.mp4,G2,P06,20260725,impA,0,005,unknown,unknown,unknown
G2_P06_20260725_impA_006.mp4,G2/P06/20260725/G2_P06_20260725_impA_006.mp4,G2,P06,20260725,impA,0,006,unknown,unknown,unknown
G2_P06_20260725_impA_007.mp4,G2/P06/20260725/G2_P06_20260725_impA_007.mp4,G2,P06,20260725,impA,0,007,unknown,unknown,unknown
G2_P06_20260725_impA_008.mp4,G2/P06/20260725/G2_P06_20260725_impA_008.mp4,G2,P06,20260725,impA,0,008,unknown,unknown,unknown
G2_P06_20260725_impA_009.mp4,G2/P06/20260725/G2_P06_20260725_impA_009.mp4,G2,P06,20260725,impA,0,009,unknown,unknown,unknown
G2_P06_20260725_impA_010.mp4,G2/P06/20260725/G2_P06_20260725_impA_010.mp4,G2,P06,20260725,impA,0,010,unknown,unknown,unknown
G3_P01_20260725_impA_001.mp4,G3/P01/20260725/G3_P01_20260725_impA_001.mp4,G3,P01,20260725,impA,0,001,unknown,unknown,unknown
G3_P01_20260725_impA_002.mp4,G3/P01/20260725/G3_P01_20260725_impA_002.mp4,G3,P01,20260725,impA,0,002,unknown,unknown,unknown
G3_P01_20260725_impA_003.mp4,G3/P01/20260725/G3_P01_20260725_impA_003.mp4,G3,P01,20260725,impA,0,003,unknown,unknown,unknown
G3_P01_20260725_impA_004.mp4,G3/P01/20260725/G3_P01_20260725_impA_004.mp4,G3,P01,20260725,impA,0,004,unknown,unknown,unknown
G3_P01_20260725_impA_005.mp4,G3/P01/20260725/G3_P01_20260725_impA_005.mp4,G3,P01,20260725,impA,0,005,unknown,unknown,unknown
G3_P01_20260725_impA_006.mp4,G3/P01/20260725/G3_P01_20260725_impA_006.mp4,G3,P01,20260725,impA,0,006,unknown,unknown,unknown
G3_P01_20260725_impA_007.mp4,G3/P01/20260725/G3_P01_20260725_impA_007.mp4,G3,P01,20260725,impA,0,007,unknown,unknown,unknown
G3_P01_20260725_impA_008.mp4,G3/P01/20260725/G3_P01_20260725_impA_008.mp4,G3,P01,20260725,impA,0,008,unknown,unknown,unknown
G3_P01_20260725_impA_009.mp4,G3/P01/20260725/G3_P01_20260725_impA_009.mp4,G3,P01,20260725,impA,0,009,unknown,unknown,unknown
G3_P01_20260725_impA_010.mp4,G3/P01/20260725/G3_P01_20260725_impA_010.mp4,G3,P01,20260725,impA,0,010,unknown,unknown,unknown
G3_P01_20260730_impA_001.mp4,G3/P01/20260730/G3_P01_20260730_impA_001.mp4,G3,P01,20260730,impA,0,001,unknown,unknown,unknown
G3_P01_20260730_impA_002.mp4,G3/P01/20260730/G3_P01_20260730_impA_002.mp4,G3,P01,20260730,impA,0,002,unknown,unknown,unknown
G3_P01_20260802_impA_001.mp4,G3/P01/20260802/G3_P01_20260802_impA_001.mp4,G3,P01,20260802,impA,0,001,unknown,unknown,unknown
G3_P01_20260802_impA_002.mp4,G3/P01/20260802/G3_P01_20260802_impA_002.mp4,G3,P01,20260802,impA,0,002,unknown,unknown,unknown
G3_P01_20260803_impA_001.mp4,G3/P01/20260803/G3_P01_20260803_impA_001.mp4,G3,P01,20260803,impA,0,001,unknown,unknown,unknown
G3_P01_20260803_impA_002.mp4,G3/P01/20260803/G3_P01_20260803_impA_002.mp4,G3,P01,20260803,impA,0,002,unknown,unknown,unknown
G3_P01_20260804_impA_001.mp4,G3/P01/20260804/G3_P01_20260804_impA_001.mp4,G3,P01,20260804,impA,0,001,unknown,unknown,unknown
G3_P01_20260804_impA_002.mp4,G3/P01/20260804/G3_P01_20260804_impA_002.mp4,G3,P01,20260804,impA,0,002,unknown,unknown,unknown
G3_P01_20260805_impA_001.mp4,G3/P01/20260805/G3_P01_20260805_impA_001.mp4,G3,P01,20260805,impA,0,001,unknown,unknown,unknown
G3_P01_20260805_impA_002.mp4,G3/P01/20260805/G3_P01_20260805_impA_002.mp4,G3,P01,20260805,impA,0,002,unknown,unknown,unknown
G3_P02_20260725_impA_001.mp4,G3/P02/20260725/G3_P02_20260725_impA_001.mp4,G3,P02,20260725,impA,0,001,unknown,unknown,unknown
G3_P02_20260725_impA_002.mp4,G3/P02/20260725/G3_P02_20260725_impA_002.mp4,G3,P02,20260725,impA,0,002,unknown,unknown,unknown
G3_P02_20260725_impA_003.mp4,G3/P02/20260725/G3_P02_20260725_impA_003.mp4,G3,P02,20260725,impA,0,003,unknown,unknown,unknown
G3_P02_20260725_impA_004.mp4,G3/P02/20260725/G3_P02_20260725_impA_004.mp4,G3,P02,20260725,impA,0,004,unknown,unknown,unknown
G3_P02_20260725_impA_005.mp4,G3/P02/20260725/G3_P02_20260725_impA_005.mp4,G3,P02,20260725,impA,0,005,unknown,unknown,unknown
G3_P02_20260725_impA_006.mp4,G3/P02/20260725/G3_P02_20260725_impA_006.mp4,G3,P02,20260725,impA,0,006,unknown,unknown,unknown
G3_P02_20260725_impA_007.mp4,G3/P02/20260725/G3_P02_20260725_impA_007.mp4,G3,P02,20260725,impA,0,007,unknown,unknown,unknown
G3_P02_20260725_impA_008.mp4,G3/P02/20260725/G3_P02_20260725_impA_008.mp4,G3,P02,20260725,impA,0,008,unknown,unknown,unknown
G3_P02_20260725_impA_009.mp4,G3/P02/20260725/G3_P02_20260725_impA_009.mp4,G3,P02,20260725,impA,0,009,unknown,unknown,unknown
G3_P02_20260725_impA_010.mp4,G3/P02/20260725/G3_P02_20260725_impA_010.mp4,G3,P02,20260725,impA,0,010,unknown,unknown,unknown
G3_P02_20260729_impA_001.mp4,G3/P02/20260729/G3_P02_20260729_impA_001.mp4,G3,P02,20260729,impA,0,001,unknown,unknown,unknown
G3_P02_20260729_impA_002.mp4,G3/P02/20260729/G3_P02_20260729_impA_002.mp4,G3,P02,20260729,impA,0,002,unknown,unknown,unknown
G3_P02_20260731_impA_001.mp4,G3/P02/20260731/G3_P02_20260731_impA_001.mp4,G3,P02,20260731,impA,0,001,unknown,unknown,unknown
G3_P02_20260731_impA_002.mp4,G3/P02/20260731/G3_P02_20260731_impA_002.mp4,G3,P02,20260731,impA,0,002,unknown,unknown,unknown
G3_P02_20260801_impA_001.mp4,G3/P02/20260801/G3_P02_20260801_impA_001.mp4,G3,P02,20260801,impA,0,001,unknown,unknown,unknown
G3_P02_20260801_impA_002.mp4,G3/P02/20260801/G3_P02_20260801_impA_002.mp4,G3,P02,20260801,impA,0,002,unknown,unknown,unknown
G3_P02_20260802_impA_001.mp4,G3/P02/20260802/G3_P02_20260802_impA_001.mp4,G3,P02,20260802,impA,0,001,unknown,unknown,unknown
G3_P02_20260802_impA_002.mp4,G3/P02/20260802/G3_P02_20260802_impA_002.mp4,G3,P02,20260802,impA,0,002,unknown,unknown,unknown
G3_P02_20260803_impA_001.mp4,G3/P02/20260803/G3_P02_20260803_impA_001.mp4,G3,P02,20260803,impA,0,001,unknown,unknown,unknown
G3_P02_20260803_impA_002.mp4,G3/P02/20260803/G3_P02_20260803_impA_002.mp4,G3,P02,20260803,impA,0,002,unknown,unknown,unknown
G3_P02_20260804_impA_001.mp4,G3/P02/20260804/G3_P02_20260804_impA_001.mp4,G3,P02,20260804,impA,0,001,unknown,unknown,unknown
G3_P02_20260804_impA_002.mp4,G3/P02/20260804/G3_P02_20260804_impA_002.mp4,G3,P02,20260804,impA,0,002,unknown,unknown,unknown
G3_P03_20260725_own_001.mp4,G3/P03/20260725/G3_P03_20260725_own_001.mp4,G3,P03,20260725,own,1,001,unknown,unknown,unknown
G3_P03_20260725_own_002.mp4,G3/P03/20260725/G3_P03_20260725_own_002.mp4,G3,P03,20260725,own,1,002,unknown,unknown,unknown
G3_P03_20260725_own_003.mp4,G3/P03/20260725/G3_P03_20260725_own_003.mp4,G3,P03,20260725,own,1,003,unknown,unknown,unknown
G3_P03_20260725_own_004.mp4,G3/P03/20260725/G3_P03_20260725_own_004.mp4,G3,P03,20260725,own,1,004,unknown,unknown,unknown
G3_P03_20260725_own_005.mp4,G3/P03/20260725/G3_P03_20260725_own_005.mp4,G3,P03,20260725,own,1,005,unknown,unknown,unknown
G3_P03_20260725_own_006.mp4,G3/P03/20260725/G3_P03_20260725_own_006.mp4,G3,P03,20260725,own,1,006,unknown,unknown,unknown
G3_P03_20260725_own_007.mp4,G3/P03/20260725/G3_P03_20260725_own_007.mp4,G3,P03,20260725,own,1,007,unknown,unknown,unknown
G3_P03_20260725_own_008.mp4,G3/P03/20260725/G3_P03_20260725_own_008.mp4,G3,P03,20260725,own,1,008,unknown,unknown,unknown
G3_P03_20260725_own_009.mp4,G3/P03/20260725/G3_P03_20260725_own_009.mp4,G3,P03,20260725,own,1,009,unknown,unknown,unknown
G3_P03_20260725_own_010.mp4,G3/P03/20260725/G3_P03_20260725_own_010.mp4,G3,P03,20260725,own,1,010,unknown,unknown,unknown
G3_P03_20260725_own_011.mp4,G3/P03/20260725/G3_P03_20260725_own_011.mp4,G3,P03,20260725,own,1,011,unknown,unknown,unknown
G3_P03_20260725_own_012.mp4,G3/P03/20260725/G3_P03_20260725_own_012.mp4,G3,P03,20260725,own,1,012,unknown,unknown,unknown
G3_P03_20260725_own_013.mp4,G3/P03/20260725/G3_P03_20260725_own_013.mp4,G3,P03,20260725,own,1,013,unknown,unknown,unknown
G3_P03_20260725_own_014.mp4,G3/P03/20260725/G3_P03_20260725_own_014.mp4,G3,P03,20260725,own,1,014,unknown,unknown,unknown
G3_P03_20260725_own_015.mp4,G3/P03/20260725/G3_P03_20260725_own_015.mp4,G3,P03,20260725,own,1,015,unknown,unknown,unknown
G3_P03_20260803_own_004.mp4,G3/P03/20260803/G3_P03_20260803_own_004.mp4,G3,P03,20260803,own,1,004,unknown,unknown,unknown
G3_P03_20260803_own_007.mp4,G3/P03/20260803/G3_P03_20260803_own_007.mp4,G3,P03,20260803,own,1,007,unknown,unknown,unknown
G3_P03_20260803_own_011.mp4,G3/P03/20260803/G3_P03_20260803_own_011.mp4,G3,P03,20260803,own,1,011,unknown,unknown,unknown
G3_P03_20260803_own_012.mp4,G3/P03/20260803/G3_P03_20260803_own_012.mp4,G3,P03,20260803,own,1,012,unknown,unknown,unknown
G3_P03_20260803_own_014.mp4,G3/P03/20260803/G3_P03_20260803_own_014.mp4,G3,P03,20260803,own,1,014,unknown,unknown,unknown
G3_P03_20260804_own_001.mp4,G3/P03/20260804/G3_P03_20260804_own_001.mp4,G3,P03,20260804,own,1,001,unknown,unknown,unknown
G3_P03_20260804_own_002.mp4,G3/P03/20260804/G3_P03_20260804_own_002.mp4,G3,P03,20260804,own,1,002,unknown,unknown,unknown
G3_P03_20260804_own_003.mp4,G3/P03/20260804/G3_P03_20260804_own_003.mp4,G3,P03,20260804,own,1,003,unknown,unknown,unknown
G3_P03_20260804_own_004.mp4,G3/P03/20260804/G3_P03_20260804_own_004.mp4,G3,P03,20260804,own,1,004,unknown,unknown,unknown
G3_P03_20260804_own_005.mp4,G3/P03/20260804/G3_P03_20260804_own_005.mp4,G3,P03,20260804,own,1,005,unknown,unknown,unknown
G3_P03_20260805_own_001.mp4,G3/P03/20260805/G3_P03_20260805_own_001.mp4,G3,P03,20260805,own,1,001,unknown,unknown,unknown
G3_P03_20260805_own_002.mp4,G3/P03/20260805/G3_P03_20260805_own_002.mp4,G3,P03,20260805,own,1,002,unknown,unknown,unknown
G3_P03_20260805_own_003.mp4,G3/P03/20260805/G3_P03_20260805_own_003.mp4,G3,P03,20260805,own,1,003,unknown,unknown,unknown
G3_P03_20260805_own_004.mp4,G3/P03/20260805/G3_P03_20260805_own_004.mp4,G3,P03,20260805,own,1,004,unknown,unknown,unknown
G3_P03_20260805_own_005.mp4,G3/P03/20260805/G3_P03_20260805_own_005.mp4,G3,P03,20260805,own,1,005,unknown,unknown,unknown
G3_P03_20260805_own_006.mp4,G3/P03/20260805/G3_P03_20260805_own_006.mp4,G3,P03,20260805,own,1,006,unknown,unknown,unknown
G3_P03_20260805_own_007.mp4,G3/P03/20260805/G3_P03_20260805_own_007.mp4,G3,P03,20260805,own,1,007,unknown,unknown,unknown
G3_P03_20260805_own_008.mp4,G3/P03/20260805/G3_P03_20260805_own_008.mp4,G3,P03,20260805,own,1,008,unknown,unknown,unknown
G3_P03_20260805_own_009.mp4,G3/P03/20260805/G3_P03_20260805_own_009.mp4,G3,P03,20260805,own,1,009,unknown,unknown,unknown
G3_P03_20260805_own_010.mp4,G3/P03/20260805/G3_P03_20260805_own_010.mp4,G3,P03,20260805,own,1,010,unknown,unknown,unknown
G3_P04_20260725_impA_001.mp4,G3/P04/20260725/G3_P04_20260725_impA_001.mp4,G3,P04,20260725,impA,0,001,unknown,unknown,unknown
G3_P04_20260725_impA_002.mp4,G3/P04/20260725/G3_P04_20260725_impA_002.mp4,G3,P04,20260725,impA,0,002,unknown,unknown,unknown
G3_P04_20260725_impA_003.mp4,G3/P04/20260725/G3_P04_20260725_impA_003.mp4,G3,P04,20260725,impA,0,003,unknown,unknown,unknown
G3_P04_20260725_impA_004.mp4,G3/P04/20260725/G3_P04_20260725_impA_004.mp4,G3,P04,20260725,impA,0,004,unknown,unknown,unknown
G3_P04_20260725_impA_005.mp4,G3/P04/20260725/G3_P04_20260725_impA_005.mp4,G3,P04,20260725,impA,0,005,unknown,unknown,unknown
G3_P04_20260725_impA_006.mp4,G3/P04/20260725/G3_P04_20260725_impA_006.mp4,G3,P04,20260725,impA,0,006,unknown,unknown,unknown
G3_P04_20260725_impA_007.mp4,G3/P04/20260725/G3_P04_20260725_impA_007.mp4,G3,P04,20260725,impA,0,007,unknown,unknown,unknown
G3_P04_20260725_impA_008.mp4,G3/P04/20260725/G3_P04_20260725_impA_008.mp4,G3,P04,20260725,impA,0,008,unknown,unknown,unknown
G3_P04_20260725_impA_009.mp4,G3/P04/20260725/G3_P04_20260725_impA_009.mp4,G3,P04,20260725,impA,0,009,unknown,unknown,unknown
G3_P04_20260725_impA_010.mp4,G3/P04/20260725/G3_P04_20260725_impA_010.mp4,G3,P04,20260725,impA,0,010,unknown,unknown,unknown
G3_P04_20260730_impA_001.mp4,G3/P04/20260730/G3_P04_20260730_impA_001.mp4,G3,P04,20260730,impA,0,001,unknown,unknown,unknown
G3_P04_20260730_impA_002.mp4,G3/P04/20260730/G3_P04_20260730_impA_002.mp4,G3,P04,20260730,impA,0,002,unknown,unknown,unknown
G3_P04_20260802_impA_001.mp4,G3/P04/20260802/G3_P04_20260802_impA_001.mp4,G3,P04,20260802,impA,0,001,unknown,unknown,unknown
G3_P04_20260802_impA_002.mp4,G3/P04/20260802/G3_P04_20260802_impA_002.mp4,G3,P04,20260802,impA,0,002,unknown,unknown,unknown
G3_P04_20260803_impA_001.mp4,G3/P04/20260803/G3_P04_20260803_impA_001.mp4,G3,P04,20260803,impA,0,001,unknown,unknown,unknown
G3_P04_20260803_impA_002.mp4,G3/P04/20260803/G3_P04_20260803_impA_002.mp4,G3,P04,20260803,impA,0,002,unknown,unknown,unknown
G3_P04_20260804_impA_001.mp4,G3/P04/20260804/G3_P04_20260804_impA_001.mp4,G3,P04,20260804,impA,0,001,unknown,unknown,unknown
G3_P04_20260804_impA_002.mp4,G3/P04/20260804/G3_P04_20260804_impA_002.mp4,G3,P04,20260804,impA,0,002,unknown,unknown,unknown
G3_P04_20260805_impA_001.mp4,G3/P04/20260805/G3_P04_20260805_impA_001.mp4,G3,P04,20260805,impA,0,001,unknown,unknown,unknown
G3_P04_20260805_impA_002.mp4,G3/P04/20260805/G3_P04_20260805_impA_002.mp4,G3,P04,20260805,impA,0,002,unknown,unknown,unknown
G3_P05_20260725_impA_001.mp4,G3/P05/20260725/G3_P05_20260725_impA_001.mp4,G3,P05,20260725,impA,0,001,unknown,unknown,unknown
G3_P05_20260725_impA_002.mp4,G3/P05/20260725/G3_P05_20260725_impA_002.mp4,G3,P05,20260725,impA,0,002,unknown,unknown,unknown
G3_P05_20260725_impA_003.mp4,G3/P05/20260725/G3_P05_20260725_impA_003.mp4,G3,P05,20260725,impA,0,003,unknown,unknown,unknown
G3_P05_20260725_impA_004.mp4,G3/P05/20260725/G3_P05_20260725_impA_004.mp4,G3,P05,20260725,impA,0,004,unknown,unknown,unknown
G3_P05_20260725_impA_005.mp4,G3/P05/20260725/G3_P05_20260725_impA_005.mp4,G3,P05,20260725,impA,0,005,unknown,unknown,unknown
G3_P05_20260725_impA_006.mp4,G3/P05/20260725/G3_P05_20260725_impA_006.mp4,G3,P05,20260725,impA,0,006,unknown,unknown,unknown
G3_P05_20260725_impA_007.mp4,G3/P05/20260725/G3_P05_20260725_impA_007.mp4,G3,P05,20260725,impA,0,007,unknown,unknown,unknown
G3_P05_20260725_impA_008.mp4,G3/P05/20260725/G3_P05_20260725_impA_008.mp4,G3,P05,20260725,impA,0,008,unknown,unknown,unknown
G3_P05_20260725_impA_009.mp4,G3/P05/20260725/G3_P05_20260725_impA_009.mp4,G3,P05,20260725,impA,0,009,unknown,unknown,unknown
G3_P05_20260725_impA_010.mp4,G3/P05/20260725/G3_P05_20260725_impA_010.mp4,G3,P05,20260725,impA,0,010,unknown,unknown,unknown
G3_P05_20260731_impA_001.mp4,G3/P05/20260731/G3_P05_20260731_impA_001.mp4,G3,P05,20260731,impA,0,001,unknown,unknown,unknown
G3_P05_20260731_impA_002.mp4,G3/P05/20260731/G3_P05_20260731_impA_002.mp4,G3,P05,20260731,impA,0,002,unknown,unknown,unknown
G3_P05_20260801_impA_001.mp4,G3/P05/20260801/G3_P05_20260801_impA_001.mp4,G3,P05,20260801,impA,0,001,unknown,unknown,unknown
G3_P05_20260801_impA_002.mp4,G3/P05/20260801/G3_P05_20260801_impA_002.mp4,G3,P05,20260801,impA,0,002,unknown,unknown,unknown
G3_P05_20260802_impA_001.mp4,G3/P05/20260802/G3_P05_20260802_impA_001.mp4,G3,P05,20260802,impA,0,001,unknown,unknown,unknown
G3_P05_20260802_impA_002.mp4,G3/P05/20260802/G3_P05_20260802_impA_002.mp4,G3,P05,20260802,impA,0,002,unknown,unknown,unknown
G3_P05_20260803_impA_001.mp4,G3/P05/20260803/G3_P05_20260803_impA_001.mp4,G3,P05,20260803,impA,0,001,unknown,unknown,unknown
G3_P05_20260803_impA_002.mp4,G3/P05/20260803/G3_P05_20260803_impA_002.mp4,G3,P05,20260803,impA,0,002,unknown,unknown,unknown
G3_P05_20260804_impA_001.mp4,G3/P05/20260804/G3_P05_20260804_impA_001.mp4,G3,P05,20260804,impA,0,001,unknown,unknown,unknown
G3_P05_20260804_impA_002.mp4,G3/P05/20260804/G3_P05_20260804_impA_002.mp4,G3,P05,20260804,impA,0,002,unknown,unknown,unknown
G3_P06_20260725_impA_001.mp4,G3/P06/20260725/G3_P06_20260725_impA_001.mp4,G3,P06,20260725,impA,0,001,unknown,unknown,unknown
G3_P06_20260725_impA_002.mp4,G3/P06/20260725/G3_P06_20260725_impA_002.mp4,G3,P06,20260725,impA,0,002,unknown,unknown,unknown
G3_P06_20260725_impA_003.mp4,G3/P06/20260725/G3_P06_20260725_impA_003.mp4,G3,P06,20260725,impA,0,003,unknown,unknown,unknown
G3_P06_20260725_impA_004.mp4,G3/P06/20260725/G3_P06_20260725_impA_004.mp4,G3,P06,20260725,impA,0,004,unknown,unknown,unknown
G3_P06_20260725_impA_005.mp4,G3/P06/20260725/G3_P06_20260725_impA_005.mp4,G3,P06,20260725,impA,0,005,unknown,unknown,unknown
G3_P06_20260725_impA_006.mp4,G3/P06/20260725/G3_P06_20260725_impA_006.mp4,G3,P06,20260725,impA,0,006,unknown,unknown,unknown
G3_P06_20260725_impA_007.mp4,G3/P06/20260725/G3_P06_20260725_impA_007.mp4,G3,P06,20260725,impA,0,007,unknown,unknown,unknown
G3_P06_20260725_impA_008.mp4,G3/P06/20260725/G3_P06_20260725_impA_008.mp4,G3,P06,20260725,impA,0,008,unknown,unknown,unknown
G3_P06_20260725_impA_009.mp4,G3/P06/20260725/G3_P06_20260725_impA_009.mp4,G3,P06,20260725,impA,0,009,unknown,unknown,unknown
G3_P06_20260725_impA_010.mp4,G3/P06/20260725/G3_P06_20260725_impA_010.mp4,G3,P06,20260725,impA,0,010,unknown,unknown,unknown
G4_P01_20260725_impA_001.mp4,G4/P01/20260725/G4_P01_20260725_impA_001.mp4,G4,P01,20260725,impA,0,001,unknown,unknown,unknown
G4_P01_20260725_impA_002.mp4,G4/P01/20260725/G4_P01_20260725_impA_002.mp4,G4,P01,20260725,impA,0,002,unknown,unknown,unknown
G4_P01_20260725_impA_003.mp4,G4/P01/20260725/G4_P01_20260725_impA_003.mp4,G4,P01,20260725,impA,0,003,unknown,unknown,unknown
G4_P01_20260725_impA_004.mp4,G4/P01/20260725/G4_P01_20260725_impA_004.mp4,G4,P01,20260725,impA,0,004,unknown,unknown,unknown
G4_P01_20260725_impA_005.mp4,G4/P01/20260725/G4_P01_20260725_impA_005.mp4,G4,P01,20260725,impA,0,005,unknown,unknown,unknown
G4_P01_20260725_impA_006.mp4,G4/P01/20260725/G4_P01_20260725_impA_006.mp4,G4,P01,20260725,impA,0,006,unknown,unknown,unknown
G4_P01_20260725_impA_007.mp4,G4/P01/20260725/G4_P01_20260725_impA_007.mp4,G4,P01,20260725,impA,0,007,unknown,unknown,unknown
G4_P01_20260725_impA_008.mp4,G4/P01/20260725/G4_P01_20260725_impA_008.mp4,G4,P01,20260725,impA,0,008,unknown,unknown,unknown
G4_P01_20260725_impA_009.mp4,G4/P01/20260725/G4_P01_20260725_impA_009.mp4,G4,P01,20260725,impA,0,009,unknown,unknown,unknown
G4_P01_20260725_impA_010.mp4,G4/P01/20260725/G4_P01_20260725_impA_010.mp4,G4,P01,20260725,impA,0,010,unknown,unknown,unknown
G4_P01_20260730_impA_001.mp4,G4/P01/20260730/G4_P01_20260730_impA_001.mp4,G4,P01,20260730,impA,0,001,unknown,unknown,unknown
G4_P01_20260730_impA_002.mp4,G4/P01/20260730/G4_P01_20260730_impA_002.mp4,G4,P01,20260730,impA,0,002,unknown,unknown,unknown
G4_P01_20260802_impA_001.mp4,G4/P01/20260802/G4_P01_20260802_impA_001.mp4,G4,P01,20260802,impA,0,001,unknown,unknown,unknown
G4_P01_20260802_impA_002.mp4,G4/P01/20260802/G4_P01_20260802_impA_002.mp4,G4,P01,20260802,impA,0,002,unknown,unknown,unknown
G4_P01_20260803_impA_001.mp4,G4/P01/20260803/G4_P01_20260803_impA_001.mp4,G4,P01,20260803,impA,0,001,unknown,unknown,unknown
G4_P01_20260803_impA_002.mp4,G4/P01/20260803/G4_P01_20260803_impA_002.mp4,G4,P01,20260803,impA,0,002,unknown,unknown,unknown
G4_P01_20260804_impA_001.mp4,G4/P01/20260804/G4_P01_20260804_impA_001.mp4,G4,P01,20260804,impA,0,001,unknown,unknown,unknown
G4_P01_20260804_impA_002.mp4,G4/P01/20260804/G4_P01_20260804_impA_002.mp4,G4,P01,20260804,impA,0,002,unknown,unknown,unknown
G4_P01_20260805_impA_001.mp4,G4/P01/20260805/G4_P01_20260805_impA_001.mp4,G4,P01,20260805,impA,0,001,unknown,unknown,unknown
G4_P01_20260805_impA_002.mp4,G4/P01/20260805/G4_P01_20260805_impA_002.mp4,G4,P01,20260805,impA,0,002,unknown,unknown,unknown
G4_P02_20260725_impA_001.mp4,G4/P02/20260725/G4_P02_20260725_impA_001.mp4,G4,P02,20260725,impA,0,001,unknown,unknown,unknown
G4_P02_20260725_impA_002.mp4,G4/P02/20260725/G4_P02_20260725_impA_002.mp4,G4,P02,20260725,impA,0,002,unknown,unknown,unknown
G4_P02_20260725_impA_003.mp4,G4/P02/20260725/G4_P02_20260725_impA_003.mp4,G4,P02,20260725,impA,0,003,unknown,unknown,unknown
G4_P02_20260725_impA_004.mp4,G4/P02/20260725/G4_P02_20260725_impA_004.mp4,G4,P02,20260725,impA,0,004,unknown,unknown,unknown
G4_P02_20260725_impA_005.mp4,G4/P02/20260725/G4_P02_20260725_impA_005.mp4,G4,P02,20260725,impA,0,005,unknown,unknown,unknown
G4_P02_20260725_impA_006.mp4,G4/P02/20260725/G4_P02_20260725_impA_006.mp4,G4,P02,20260725,impA,0,006,unknown,unknown,unknown
G4_P02_20260725_impA_007.mp4,G4/P02/20260725/G4_P02_20260725_impA_007.mp4,G4,P02,20260725,impA,0,007,unknown,unknown,unknown
G4_P02_20260725_impA_008.mp4,G4/P02/20260725/G4_P02_20260725_impA_008.mp4,G4,P02,20260725,impA,0,008,unknown,unknown,unknown
G4_P02_20260725_impA_009.mp4,G4/P02/20260725/G4_P02_20260725_impA_009.mp4,G4,P02,20260725,impA,0,009,unknown,unknown,unknown
G4_P02_20260725_impA_010.mp4,G4/P02/20260725/G4_P02_20260725_impA_010.mp4,G4,P02,20260725,impA,0,010,unknown,unknown,unknown
G4_P02_20260729_impA_001.mp4,G4/P02/20260729/G4_P02_20260729_impA_001.mp4,G4,P02,20260729,impA,0,001,unknown,unknown,unknown
G4_P02_20260729_impA_002.mp4,G4/P02/20260729/G4_P02_20260729_impA_002.mp4,G4,P02,20260729,impA,0,002,unknown,unknown,unknown
G4_P02_20260731_impA_001.mp4,G4/P02/20260731/G4_P02_20260731_impA_001.mp4,G4,P02,20260731,impA,0,001,unknown,unknown,unknown
G4_P02_20260731_impA_002.mp4,G4/P02/20260731/G4_P02_20260731_impA_002.mp4,G4,P02,20260731,impA,0,002,unknown,unknown,unknown
G4_P02_20260801_impA_001.mp4,G4/P02/20260801/G4_P02_20260801_impA_001.mp4,G4,P02,20260801,impA,0,001,unknown,unknown,unknown
G4_P02_20260801_impA_002.mp4,G4/P02/20260801/G4_P02_20260801_impA_002.mp4,G4,P02,20260801,impA,0,002,unknown,unknown,unknown
G4_P02_20260802_impA_001.mp4,G4/P02/20260802/G4_P02_20260802_impA_001.mp4,G4,P02,20260802,impA,0,001,unknown,unknown,unknown
G4_P02_20260802_impA_002.mp4,G4/P02/20260802/G4_P02_20260802_impA_002.mp4,G4,P02,20260802,impA,0,002,unknown,unknown,unknown
G4_P02_20260803_impA_001.mp4,G4/P02/20260803/G4_P02_20260803_impA_001.mp4,G4,P02,20260803,impA,0,001,unknown,unknown,unknown
G4_P02_20260803_impA_002.mp4,G4/P02/20260803/G4_P02_20260803_impA_002.mp4,G4,P02,20260803,impA,0,002,unknown,unknown,unknown
G4_P02_20260804_impA_001.mp4,G4/P02/20260804/G4_P02_20260804_impA_001.mp4,G4,P02,20260804,impA,0,001,unknown,unknown,unknown
G4_P02_20260804_impA_002.mp4,G4/P02/20260804/G4_P02_20260804_impA_002.mp4,G4,P02,20260804,impA,0,002,unknown,unknown,unknown
G4_P03_20260725_impA_001.mp4,G4/P03/20260725/G4_P03_20260725_impA_001.mp4,G4,P03,20260725,impA,0,001,unknown,unknown,unknown
G4_P03_20260725_impA_002.mp4,G4/P03/20260725/G4_P03_20260725_impA_002.mp4,G4,P03,20260725,impA,0,002,unknown,unknown,unknown
G4_P03_20260725_impA_003.mp4,G4/P03/20260725/G4_P03_20260725_impA_003.mp4,G4,P03,20260725,impA,0,003,unknown,unknown,unknown
G4_P03_20260725_impA_004.mp4,G4/P03/20260725/G4_P03_20260725_impA_004.mp4,G4,P03,20260725,impA,0,004,unknown,unknown,unknown
G4_P03_20260725_impA_005.mp4,G4/P03/20260725/G4_P03_20260725_impA_005.mp4,G4,P03,20260725,impA,0,005,unknown,unknown,unknown
G4_P03_20260725_impA_006.mp4,G4/P03/20260725/G4_P03_20260725_impA_006.mp4,G4,P03,20260725,impA,0,006,unknown,unknown,unknown
G4_P03_20260725_impA_007.mp4,G4/P03/20260725/G4_P03_20260725_impA_007.mp4,G4,P03,20260725,impA,0,007,unknown,unknown,unknown
G4_P03_20260725_impA_008.mp4,G4/P03/20260725/G4_P03_20260725_impA_008.mp4,G4,P03,20260725,impA,0,008,unknown,unknown,unknown
G4_P03_20260725_impA_009.mp4,G4/P03/20260725/G4_P03_20260725_impA_009.mp4,G4,P03,20260725,impA,0,009,unknown,unknown,unknown
G4_P03_20260725_impA_010.mp4,G4/P03/20260725/G4_P03_20260725_impA_010.mp4,G4,P03,20260725,impA,0,010,unknown,unknown,unknown
G4_P03_20260803_impA_001.mp4,G4/P03/20260803/G4_P03_20260803_impA_001.mp4,G4,P03,20260803,impA,0,001,unknown,unknown,unknown
G4_P03_20260803_impA_002.mp4,G4/P03/20260803/G4_P03_20260803_impA_002.mp4,G4,P03,20260803,impA,0,002,unknown,unknown,unknown
G4_P03_20260804_impA_001.mp4,G4/P03/20260804/G4_P03_20260804_impA_001.mp4,G4,P03,20260804,impA,0,001,unknown,unknown,unknown
G4_P03_20260804_impA_002.mp4,G4/P03/20260804/G4_P03_20260804_impA_002.mp4,G4,P03,20260804,impA,0,002,unknown,unknown,unknown
G4_P03_20260805_impA_001.mp4,G4/P03/20260805/G4_P03_20260805_impA_001.mp4,G4,P03,20260805,impA,0,001,unknown,unknown,unknown
G4_P03_20260805_impA_002.mp4,G4/P03/20260805/G4_P03_20260805_impA_002.mp4,G4,P03,20260805,impA,0,002,unknown,unknown,unknown
G4_P03_20260805_impA_003.mp4,G4/P03/20260805/G4_P03_20260805_impA_003.mp4,G4,P03,20260805,impA,0,003,unknown,unknown,unknown
G4_P03_20260805_impA_004.mp4,G4/P03/20260805/G4_P03_20260805_impA_004.mp4,G4,P03,20260805,impA,0,004,unknown,unknown,unknown
G4_P04_20260725_own_001.mp4,G4/P04/20260725/G4_P04_20260725_own_001.mp4,G4,P04,20260725,own,1,001,unknown,unknown,unknown
G4_P04_20260725_own_002.mp4,G4/P04/20260725/G4_P04_20260725_own_002.mp4,G4,P04,20260725,own,1,002,unknown,unknown,unknown
G4_P04_20260725_own_003.mp4,G4/P04/20260725/G4_P04_20260725_own_003.mp4,G4,P04,20260725,own,1,003,unknown,unknown,unknown
G4_P04_20260725_own_004.mp4,G4/P04/20260725/G4_P04_20260725_own_004.mp4,G4,P04,20260725,own,1,004,unknown,unknown,unknown
G4_P04_20260725_own_005.mp4,G4/P04/20260725/G4_P04_20260725_own_005.mp4,G4,P04,20260725,own,1,005,unknown,unknown,unknown
G4_P04_20260725_own_006.mp4,G4/P04/20260725/G4_P04_20260725_own_006.mp4,G4,P04,20260725,own,1,006,unknown,unknown,unknown
G4_P04_20260725_own_007.mp4,G4/P04/20260725/G4_P04_20260725_own_007.mp4,G4,P04,20260725,own,1,007,unknown,unknown,unknown
G4_P04_20260725_own_008.mp4,G4/P04/20260725/G4_P04_20260725_own_008.mp4,G4,P04,20260725,own,1,008,unknown,unknown,unknown
G4_P04_20260725_own_009.mp4,G4/P04/20260725/G4_P04_20260725_own_009.mp4,G4,P04,20260725,own,1,009,unknown,unknown,unknown
G4_P04_20260725_own_010.mp4,G4/P04/20260725/G4_P04_20260725_own_010.mp4,G4,P04,20260725,own,1,010,unknown,unknown,unknown
G4_P04_20260725_own_011.mp4,G4/P04/20260725/G4_P04_20260725_own_011.mp4,G4,P04,20260725,own,1,011,unknown,unknown,unknown
G4_P04_20260725_own_012.mp4,G4/P04/20260725/G4_P04_20260725_own_012.mp4,G4,P04,20260725,own,1,012,unknown,unknown,unknown
G4_P04_20260725_own_013.mp4,G4/P04/20260725/G4_P04_20260725_own_013.mp4,G4,P04,20260725,own,1,013,unknown,unknown,unknown
G4_P04_20260725_own_014.mp4,G4/P04/20260725/G4_P04_20260725_own_014.mp4,G4,P04,20260725,own,1,014,unknown,unknown,unknown
G4_P04_20260725_own_015.mp4,G4/P04/20260725/G4_P04_20260725_own_015.mp4,G4,P04,20260725,own,1,015,unknown,unknown,unknown
G4_P04_20260730_own_001.mp4,G4/P04/20260730/G4_P04_20260730_own_001.mp4,G4,P04,20260730,own,1,001,unknown,unknown,unknown
G4_P04_20260730_own_002.mp4,G4/P04/20260730/G4_P04_20260730_own_002.mp4,G4,P04,20260730,own,1,002,unknown,unknown,unknown
G4_P04_20260730_own_003.mp4,G4/P04/20260730/G4_P04_20260730_own_003.mp4,G4,P04,20260730,own,1,003,unknown,unknown,unknown
G4_P04_20260730_own_004.mp4,G4/P04/20260730/G4_P04_20260730_own_004.mp4,G4,P04,20260730,own,1,004,unknown,unknown,unknown
G4_P04_20260730_own_005.mp4,G4/P04/20260730/G4_P04_20260730_own_005.mp4,G4,P04,20260730,own,1,005,unknown,unknown,unknown
G4_P04_20260802_own_001.mp4,G4/P04/20260802/G4_P04_20260802_own_001.mp4,G4,P04,20260802,own,1,001,unknown,unknown,unknown
G4_P04_20260802_own_002.mp4,G4/P04/20260802/G4_P04_20260802_own_002.mp4,G4,P04,20260802,own,1,002,unknown,unknown,unknown
G4_P04_20260802_own_003.mp4,G4/P04/20260802/G4_P04_20260802_own_003.mp4,G4,P04,20260802,own,1,003,unknown,unknown,unknown
G4_P04_20260802_own_004.mp4,G4/P04/20260802/G4_P04_20260802_own_004.mp4,G4,P04,20260802,own,1,004,unknown,unknown,unknown
G4_P04_20260802_own_005.mp4,G4/P04/20260802/G4_P04_20260802_own_005.mp4,G4,P04,20260802,own,1,005,unknown,unknown,unknown
G4_P04_20260803_own_001.mp4,G4/P04/20260803/G4_P04_20260803_own_001.mp4,G4,P04,20260803,own,1,001,unknown,unknown,unknown
G4_P04_20260803_own_002.mp4,G4/P04/20260803/G4_P04_20260803_own_002.mp4,G4,P04,20260803,own,1,002,unknown,unknown,unknown
G4_P04_20260803_own_003.mp4,G4/P04/20260803/G4_P04_20260803_own_003.mp4,G4,P04,20260803,own,1,003,unknown,unknown,unknown
G4_P04_20260803_own_004.mp4,G4/P04/20260803/G4_P04_20260803_own_004.mp4,G4,P04,20260803,own,1,004,unknown,unknown,unknown
G4_P04_20260803_own_005.mp4,G4/P04/20260803/G4_P04_20260803_own_005.mp4,G4,P04,20260803,own,1,005,unknown,unknown,unknown
G4_P04_20260804_own_001.mp4,G4/P04/20260804/G4_P04_20260804_own_001.mp4,G4,P04,20260804,own,1,001,unknown,unknown,unknown
G4_P04_20260804_own_002.mp4,G4/P04/20260804/G4_P04_20260804_own_002.mp4,G4,P04,20260804,own,1,002,unknown,unknown,unknown
G4_P04_20260804_own_003.mp4,G4/P04/20260804/G4_P04_20260804_own_003.mp4,G4,P04,20260804,own,1,003,unknown,unknown,unknown
G4_P04_20260804_own_004.mp4,G4/P04/20260804/G4_P04_20260804_own_004.mp4,G4,P04,20260804,own,1,004,unknown,unknown,unknown
G4_P04_20260804_own_005.mp4,G4/P04/20260804/G4_P04_20260804_own_005.mp4,G4,P04,20260804,own,1,005,unknown,unknown,unknown
G4_P04_20260805_own_001.mp4,G4/P04/20260805/G4_P04_20260805_own_001.mp4,G4,P04,20260805,own,1,001,unknown,unknown,unknown
G4_P04_20260805_own_002.mp4,G4/P04/20260805/G4_P04_20260805_own_002.mp4,G4,P04,20260805,own,1,002,unknown,unknown,unknown
G4_P04_20260805_own_003.mp4,G4/P04/20260805/G4_P04_20260805_own_003.mp4,G4,P04,20260805,own,1,003,unknown,unknown,unknown
G4_P04_20260805_own_004.mp4,G4/P04/20260805/G4_P04_20260805_own_004.mp4,G4,P04,20260805,own,1,004,unknown,unknown,unknown
G4_P04_20260805_own_005.mp4,G4/P04/20260805/G4_P04_20260805_own_005.mp4,G4,P04,20260805,own,1,005,unknown,unknown,unknown
G4_P05_20260725_impA_001.mp4,G4/P05/20260725/G4_P05_20260725_impA_001.mp4,G4,P05,20260725,impA,0,001,unknown,unknown,unknown
G4_P05_20260725_impA_002.mp4,G4/P05/20260725/G4_P05_20260725_impA_002.mp4,G4,P05,20260725,impA,0,002,unknown,unknown,unknown
G4_P05_20260725_impA_003.mp4,G4/P05/20260725/G4_P05_20260725_impA_003.mp4,G4,P05,20260725,impA,0,003,unknown,unknown,unknown
G4_P05_20260725_impA_004.mp4,G4/P05/20260725/G4_P05_20260725_impA_004.mp4,G4,P05,20260725,impA,0,004,unknown,unknown,unknown
G4_P05_20260725_impA_005.mp4,G4/P05/20260725/G4_P05_20260725_impA_005.mp4,G4,P05,20260725,impA,0,005,unknown,unknown,unknown
G4_P05_20260725_impA_006.mp4,G4/P05/20260725/G4_P05_20260725_impA_006.mp4,G4,P05,20260725,impA,0,006,unknown,unknown,unknown
G4_P05_20260725_impA_007.mp4,G4/P05/20260725/G4_P05_20260725_impA_007.mp4,G4,P05,20260725,impA,0,007,unknown,unknown,unknown
G4_P05_20260725_impA_008.mp4,G4/P05/20260725/G4_P05_20260725_impA_008.mp4,G4,P05,20260725,impA,0,008,unknown,unknown,unknown
G4_P05_20260725_impA_009.mp4,G4/P05/20260725/G4_P05_20260725_impA_009.mp4,G4,P05,20260725,impA,0,009,unknown,unknown,unknown
G4_P05_20260725_impA_010.mp4,G4/P05/20260725/G4_P05_20260725_impA_010.mp4,G4,P05,20260725,impA,0,010,unknown,unknown,unknown
G4_P05_20260731_impA_001.mp4,G4/P05/20260731/G4_P05_20260731_impA_001.mp4,G4,P05,20260731,impA,0,001,unknown,unknown,unknown
G4_P05_20260731_impA_002.mp4,G4/P05/20260731/G4_P05_20260731_impA_002.mp4,G4,P05,20260731,impA,0,002,unknown,unknown,unknown
G4_P05_20260801_impA_001.mp4,G4/P05/20260801/G4_P05_20260801_impA_001.mp4,G4,P05,20260801,impA,0,001,unknown,unknown,unknown
G4_P05_20260801_impA_002.mp4,G4/P05/20260801/G4_P05_20260801_impA_002.mp4,G4,P05,20260801,impA,0,002,unknown,unknown,unknown
G4_P05_20260802_impA_001.mp4,G4/P05/20260802/G4_P05_20260802_impA_001.mp4,G4,P05,20260802,impA,0,001,unknown,unknown,unknown
G4_P05_20260802_impA_002.mp4,G4/P05/20260802/G4_P05_20260802_impA_002.mp4,G4,P05,20260802,impA,0,002,unknown,unknown,unknown
G4_P05_20260803_impA_001.mp4,G4/P05/20260803/G4_P05_20260803_impA_001.mp4,G4,P05,20260803,impA,0,001,unknown,unknown,unknown
G4_P05_20260803_impA_002.mp4,G4/P05/20260803/G4_P05_20260803_impA_002.mp4,G4,P05,20260803,impA,0,002,unknown,unknown,unknown
G4_P05_20260804_impA_001.mp4,G4/P05/20260804/G4_P05_20260804_impA_001.mp4,G4,P05,20260804,impA,0,001,unknown,unknown,unknown
G4_P05_20260804_impA_002.mp4,G4/P05/20260804/G4_P05_20260804_impA_002.mp4,G4,P05,20260804,impA,0,002,unknown,unknown,unknown
G4_P06_20260725_impA_001.mp4,G4/P06/20260725/G4_P06_20260725_impA_001.mp4,G4,P06,20260725,impA,0,001,unknown,unknown,unknown
G4_P06_20260725_impA_002.mp4,G4/P06/20260725/G4_P06_20260725_impA_002.mp4,G4,P06,20260725,impA,0,002,unknown,unknown,unknown
G4_P06_20260725_impA_003.mp4,G4/P06/20260725/G4_P06_20260725_impA_003.mp4,G4,P06,20260725,impA,0,003,unknown,unknown,unknown
G4_P06_20260725_impA_004.mp4,G4/P06/20260725/G4_P06_20260725_impA_004.mp4,G4,P06,20260725,impA,0,004,unknown,unknown,unknown
G4_P06_20260725_impA_005.mp4,G4/P06/20260725/G4_P06_20260725_impA_005.mp4,G4,P06,20260725,impA,0,005,unknown,unknown,unknown
G4_P06_20260725_impA_006.mp4,G4/P06/20260725/G4_P06_20260725_impA_006.mp4,G4,P06,20260725,impA,0,006,unknown,unknown,unknown
G4_P06_20260725_impA_007.mp4,G4/P06/20260725/G4_P06_20260725_impA_007.mp4,G4,P06,20260725,impA,0,007,unknown,unknown,unknown
G4_P06_20260725_impA_008.mp4,G4/P06/20260725/G4_P06_20260725_impA_008.mp4,G4,P06,20260725,impA,0,008,unknown,unknown,unknown
G4_P06_20260725_impA_009.mp4,G4/P06/20260725/G4_P06_20260725_impA_009.mp4,G4,P06,20260725,impA,0,009,unknown,unknown,unknown
G4_P06_20260725_impA_010.mp4,G4/P06/20260725/G4_P06_20260725_impA_010.mp4,G4,P06,20260725,impA,0,010,unknown,unknown,unknown
G5_P01_20260725_impA_001.mp4,G5/P01/20260725/G5_P01_20260725_impA_001.mp4,G5,P01,20260725,impA,0,001,unknown,unknown,unknown
G5_P01_20260725_impA_002.mp4,G5/P01/20260725/G5_P01_20260725_impA_002.mp4,G5,P01,20260725,impA,0,002,unknown,unknown,unknown
G5_P01_20260725_impA_003.mp4,G5/P01/20260725/G5_P01_20260725_impA_003.mp4,G5,P01,20260725,impA,0,003,unknown,unknown,unknown
G5_P01_20260725_impA_004.mp4,G5/P01/20260725/G5_P01_20260725_impA_004.mp4,G5,P01,20260725,impA,0,004,unknown,unknown,unknown
G5_P01_20260725_impA_005.mp4,G5/P01/20260725/G5_P01_20260725_impA_005.mp4,G5,P01,20260725,impA,0,005,unknown,unknown,unknown
G5_P01_20260725_impA_006.mp4,G5/P01/20260725/G5_P01_20260725_impA_006.mp4,G5,P01,20260725,impA,0,006,unknown,unknown,unknown
G5_P01_20260725_impA_007.mp4,G5/P01/20260725/G5_P01_20260725_impA_007.mp4,G5,P01,20260725,impA,0,007,unknown,unknown,unknown
G5_P01_20260725_impA_008.mp4,G5/P01/20260725/G5_P01_20260725_impA_008.mp4,G5,P01,20260725,impA,0,008,unknown,unknown,unknown
G5_P01_20260725_impA_009.mp4,G5/P01/20260725/G5_P01_20260725_impA_009.mp4,G5,P01,20260725,impA,0,009,unknown,unknown,unknown
G5_P01_20260730_impA_001.mp4,G5/P01/20260730/G5_P01_20260730_impA_001.mp4,G5,P01,20260730,impA,0,001,unknown,unknown,unknown
G5_P01_20260730_impA_002.mp4,G5/P01/20260730/G5_P01_20260730_impA_002.mp4,G5,P01,20260730,impA,0,002,unknown,unknown,unknown
G5_P01_20260802_impA_001.mp4,G5/P01/20260802/G5_P01_20260802_impA_001.mp4,G5,P01,20260802,impA,0,001,unknown,unknown,unknown
G5_P01_20260802_impA_002.mp4,G5/P01/20260802/G5_P01_20260802_impA_002.mp4,G5,P01,20260802,impA,0,002,unknown,unknown,unknown
G5_P01_20260803_impA_001.mp4,G5/P01/20260803/G5_P01_20260803_impA_001.mp4,G5,P01,20260803,impA,0,001,unknown,unknown,unknown
G5_P01_20260803_impA_002.mp4,G5/P01/20260803/G5_P01_20260803_impA_002.mp4,G5,P01,20260803,impA,0,002,unknown,unknown,unknown
G5_P01_20260804_impA_001.mp4,G5/P01/20260804/G5_P01_20260804_impA_001.mp4,G5,P01,20260804,impA,0,001,unknown,unknown,unknown
G5_P01_20260804_impA_002.mp4,G5/P01/20260804/G5_P01_20260804_impA_002.mp4,G5,P01,20260804,impA,0,002,unknown,unknown,unknown
G5_P01_20260805_impA_001.mp4,G5/P01/20260805/G5_P01_20260805_impA_001.mp4,G5,P01,20260805,impA,0,001,unknown,unknown,unknown
G5_P01_20260805_impA_002.mp4,G5/P01/20260805/G5_P01_20260805_impA_002.mp4,G5,P01,20260805,impA,0,002,unknown,unknown,unknown
G5_P02_20260729_impA_001.mp4,G5/P02/20260729/G5_P02_20260729_impA_001.mp4,G5,P02,20260729,impA,0,001,unknown,unknown,unknown
G5_P02_20260729_impA_002.mp4,G5/P02/20260729/G5_P02_20260729_impA_002.mp4,G5,P02,20260729,impA,0,002,unknown,unknown,unknown
G5_P02_20260731_impA_001.mp4,G5/P02/20260731/G5_P02_20260731_impA_001.mp4,G5,P02,20260731,impA,0,001,unknown,unknown,unknown
G5_P02_20260731_impA_002.mp4,G5/P02/20260731/G5_P02_20260731_impA_002.mp4,G5,P02,20260731,impA,0,002,unknown,unknown,unknown
G5_P02_20260801_impA_001.mp4,G5/P02/20260801/G5_P02_20260801_impA_001.mp4,G5,P02,20260801,impA,0,001,unknown,unknown,unknown
G5_P02_20260801_impA_002.mp4,G5/P02/20260801/G5_P02_20260801_impA_002.mp4,G5,P02,20260801,impA,0,002,unknown,unknown,unknown
G5_P02_20260802_impA_001.mp4,G5/P02/20260802/G5_P02_20260802_impA_001.mp4,G5,P02,20260802,impA,0,001,unknown,unknown,unknown
G5_P02_20260802_impA_002.mp4,G5/P02/20260802/G5_P02_20260802_impA_002.mp4,G5,P02,20260802,impA,0,002,unknown,unknown,unknown
G5_P02_20260803_impA_001.mp4,G5/P02/20260803/G5_P02_20260803_impA_001.mp4,G5,P02,20260803,impA,0,001,unknown,unknown,unknown
G5_P02_20260803_impA_002.mp4,G5/P02/20260803/G5_P02_20260803_impA_002.mp4,G5,P02,20260803,impA,0,002,unknown,unknown,unknown
G5_P02_20260804_impA_001.mp4,G5/P02/20260804/G5_P02_20260804_impA_001.mp4,G5,P02,20260804,impA,0,001,unknown,unknown,unknown
G5_P02_20260804_impA_002.mp4,G5/P02/20260804/G5_P02_20260804_impA_002.mp4,G5,P02,20260804,impA,0,002,unknown,unknown,unknown
G5_P02_20260805_impA_001.mp4,G5/P02/20260805/G5_P02_20260805_impA_001.mp4,G5,P02,20260805,impA,0,001,unknown,unknown,unknown
G5_P02_20260805_impA_002.mp4,G5/P02/20260805/G5_P02_20260805_impA_002.mp4,G5,P02,20260805,impA,0,002,unknown,unknown,unknown
G5_P02_20260805_impA_003.mp4,G5/P02/20260805/G5_P02_20260805_impA_003.mp4,G5,P02,20260805,impA,0,003,unknown,unknown,unknown
G5_P02_20260805_impA_004.mp4,G5/P02/20260805/G5_P02_20260805_impA_004.mp4,G5,P02,20260805,impA,0,004,unknown,unknown,unknown
G5_P02_20260805_impA_005.mp4,G5/P02/20260805/G5_P02_20260805_impA_005.mp4,G5,P02,20260805,impA,0,005,unknown,unknown,unknown
G5_P02_20260805_impA_006.mp4,G5/P02/20260805/G5_P02_20260805_impA_006.mp4,G5,P02,20260805,impA,0,006,unknown,unknown,unknown
G5_P02_20260805_impA_007.mp4,G5/P02/20260805/G5_P02_20260805_impA_007.mp4,G5,P02,20260805,impA,0,007,unknown,unknown,unknown
G5_P02_20260805_impA_008.mp4,G5/P02/20260805/G5_P02_20260805_impA_008.mp4,G5,P02,20260805,impA,0,008,unknown,unknown,unknown
G5_P02_20260805_impA_009.mp4,G5/P02/20260805/G5_P02_20260805_impA_009.mp4,G5,P02,20260805,impA,0,009,unknown,unknown,unknown
G5_P02_20260805_impA_010.mp4,G5/P02/20260805/G5_P02_20260805_impA_010.mp4,G5,P02,20260805,impA,0,010,unknown,unknown,unknown
G5_P03_20260727_impA_001.mp4,G5/P03/20260727/G5_P03_20260727_impA_001.mp4,G5,P03,20260727,impA,0,001,unknown,unknown,unknown
G5_P03_20260727_impA_002.mp4,G5/P03/20260727/G5_P03_20260727_impA_002.mp4,G5,P03,20260727,impA,0,002,unknown,unknown,unknown
G5_P03_20260727_impA_003.mp4,G5/P03/20260727/G5_P03_20260727_impA_003.mp4,G5,P03,20260727,impA,0,003,unknown,unknown,unknown
G5_P03_20260727_impA_004.mp4,G5/P03/20260727/G5_P03_20260727_impA_004.mp4,G5,P03,20260727,impA,0,004,unknown,unknown,unknown
G5_P03_20260727_impA_005.mp4,G5/P03/20260727/G5_P03_20260727_impA_005.mp4,G5,P03,20260727,impA,0,005,unknown,unknown,unknown
G5_P03_20260727_impA_006.mp4,G5/P03/20260727/G5_P03_20260727_impA_006.mp4,G5,P03,20260727,impA,0,006,unknown,unknown,unknown
G5_P03_20260727_impA_007.mp4,G5/P03/20260727/G5_P03_20260727_impA_007.mp4,G5,P03,20260727,impA,0,007,unknown,unknown,unknown
G5_P03_20260727_impA_008.mp4,G5/P03/20260727/G5_P03_20260727_impA_008.mp4,G5,P03,20260727,impA,0,008,unknown,unknown,unknown
G5_P03_20260727_impA_009.mp4,G5/P03/20260727/G5_P03_20260727_impA_009.mp4,G5,P03,20260727,impA,0,009,unknown,unknown,unknown
G5_P03_20260727_impA_010.mp4,G5/P03/20260727/G5_P03_20260727_impA_010.mp4,G5,P03,20260727,impA,0,010,unknown,unknown,unknown
G5_P03_20260803_impA_004.mp4,G5/P03/20260803/G5_P03_20260803_impA_004.mp4,G5,P03,20260803,impA,0,004,unknown,unknown,unknown
G5_P03_20260803_impA_008.mp4,G5/P03/20260803/G5_P03_20260803_impA_008.mp4,G5,P03,20260803,impA,0,008,unknown,unknown,unknown
G5_P03_20260804_impA_001.mp4,G5/P03/20260804/G5_P03_20260804_impA_001.mp4,G5,P03,20260804,impA,0,001,unknown,unknown,unknown
G5_P03_20260804_impA_002.mp4,G5/P03/20260804/G5_P03_20260804_impA_002.mp4,G5,P03,20260804,impA,0,002,unknown,unknown,unknown
G5_P03_20260805_impA_001.mp4,G5/P03/20260805/G5_P03_20260805_impA_001.mp4,G5,P03,20260805,impA,0,001,unknown,unknown,unknown
G5_P03_20260805_impA_002.mp4,G5/P03/20260805/G5_P03_20260805_impA_002.mp4,G5,P03,20260805,impA,0,002,unknown,unknown,unknown
G5_P03_20260805_impA_003.mp4,G5/P03/20260805/G5_P03_20260805_impA_003.mp4,G5,P03,20260805,impA,0,003,unknown,unknown,unknown
G5_P03_20260805_impA_004.mp4,G5/P03/20260805/G5_P03_20260805_impA_004.mp4,G5,P03,20260805,impA,0,004,unknown,unknown,unknown
G5_P04_20260725_impA_001.mp4,G5/P04/20260725/G5_P04_20260725_impA_001.mp4,G5,P04,20260725,impA,0,001,unknown,unknown,unknown
G5_P04_20260725_impA_002.mp4,G5/P04/20260725/G5_P04_20260725_impA_002.mp4,G5,P04,20260725,impA,0,002,unknown,unknown,unknown
G5_P04_20260730_impA_001.mp4,G5/P04/20260730/G5_P04_20260730_impA_001.mp4,G5,P04,20260730,impA,0,001,unknown,unknown,unknown
G5_P04_20260730_impA_002.mp4,G5/P04/20260730/G5_P04_20260730_impA_002.mp4,G5,P04,20260730,impA,0,002,unknown,unknown,unknown
G5_P04_20260802_impA_001.mp4,G5/P04/20260802/G5_P04_20260802_impA_001.mp4,G5,P04,20260802,impA,0,001,unknown,unknown,unknown
G5_P04_20260802_impA_002.mp4,G5/P04/20260802/G5_P04_20260802_impA_002.mp4,G5,P04,20260802,impA,0,002,unknown,unknown,unknown
G5_P04_20260803_impA_001.mp4,G5/P04/20260803/G5_P04_20260803_impA_001.mp4,G5,P04,20260803,impA,0,001,unknown,unknown,unknown
G5_P04_20260803_impA_002.mp4,G5/P04/20260803/G5_P04_20260803_impA_002.mp4,G5,P04,20260803,impA,0,002,unknown,unknown,unknown
G5_P04_20260804_impA_001.mp4,G5/P04/20260804/G5_P04_20260804_impA_001.mp4,G5,P04,20260804,impA,0,001,unknown,unknown,unknown
G5_P04_20260804_impA_002.mp4,G5/P04/20260804/G5_P04_20260804_impA_002.mp4,G5,P04,20260804,impA,0,002,unknown,unknown,unknown
G5_P04_20260805_impA_001.mp4,G5/P04/20260805/G5_P04_20260805_impA_001.mp4,G5,P04,20260805,impA,0,001,unknown,unknown,unknown
G5_P04_20260805_impA_002.mp4,G5/P04/20260805/G5_P04_20260805_impA_002.mp4,G5,P04,20260805,impA,0,002,unknown,unknown,unknown
G5_P05_20260725_own_001.mp4,G5/P05/20260725/G5_P05_20260725_own_001.mp4,G5,P05,20260725,own,1,001,unknown,unknown,unknown
G5_P05_20260725_own_002.mp4,G5/P05/20260725/G5_P05_20260725_own_002.mp4,G5,P05,20260725,own,1,002,unknown,unknown,unknown
G5_P05_20260725_own_003.mp4,G5/P05/20260725/G5_P05_20260725_own_003.mp4,G5,P05,20260725,own,1,003,unknown,unknown,unknown
G5_P05_20260725_own_004.mp4,G5/P05/20260725/G5_P05_20260725_own_004.mp4,G5,P05,20260725,own,1,004,unknown,unknown,unknown
G5_P05_20260725_own_005.mp4,G5/P05/20260725/G5_P05_20260725_own_005.mp4,G5,P05,20260725,own,1,005,unknown,unknown,unknown
G5_P05_20260725_own_006.mp4,G5/P05/20260725/G5_P05_20260725_own_006.mp4,G5,P05,20260725,own,1,006,unknown,unknown,unknown
G5_P05_20260725_own_007.mp4,G5/P05/20260725/G5_P05_20260725_own_007.mp4,G5,P05,20260725,own,1,007,unknown,unknown,unknown
G5_P05_20260725_own_008.mp4,G5/P05/20260725/G5_P05_20260725_own_008.mp4,G5,P05,20260725,own,1,008,unknown,unknown,unknown
G5_P05_20260725_own_009.mp4,G5/P05/20260725/G5_P05_20260725_own_009.mp4,G5,P05,20260725,own,1,009,unknown,unknown,unknown
G5_P05_20260725_own_010.mp4,G5/P05/20260725/G5_P05_20260725_own_010.mp4,G5,P05,20260725,own,1,010,unknown,unknown,unknown
G5_P05_20260725_own_011.mp4,G5/P05/20260725/G5_P05_20260725_own_011.mp4,G5,P05,20260725,own,1,011,unknown,unknown,unknown
G5_P05_20260725_own_012.mp4,G5/P05/20260725/G5_P05_20260725_own_012.mp4,G5,P05,20260725,own,1,012,unknown,unknown,unknown
G5_P05_20260725_own_013.mp4,G5/P05/20260725/G5_P05_20260725_own_013.mp4,G5,P05,20260725,own,1,013,unknown,unknown,unknown
G5_P05_20260725_own_014.mp4,G5/P05/20260725/G5_P05_20260725_own_014.mp4,G5,P05,20260725,own,1,014,unknown,unknown,unknown
G5_P05_20260725_own_015.mp4,G5/P05/20260725/G5_P05_20260725_own_015.mp4,G5,P05,20260725,own,1,015,unknown,unknown,unknown
G5_P05_20260731_own_001.mp4,G5/P05/20260731/G5_P05_20260731_own_001.mp4,G5,P05,20260731,own,1,001,unknown,unknown,unknown
G5_P05_20260731_own_002.mp4,G5/P05/20260731/G5_P05_20260731_own_002.mp4,G5,P05,20260731,own,1,002,unknown,unknown,unknown
G5_P05_20260731_own_003.mp4,G5/P05/20260731/G5_P05_20260731_own_003.mp4,G5,P05,20260731,own,1,003,unknown,unknown,unknown
G5_P05_20260731_own_004.mp4,G5/P05/20260731/G5_P05_20260731_own_004.mp4,G5,P05,20260731,own,1,004,unknown,unknown,unknown
G5_P05_20260731_own_005.mp4,G5/P05/20260731/G5_P05_20260731_own_005.mp4,G5,P05,20260731,own,1,005,unknown,unknown,unknown
G5_P05_20260801_own_001.mp4,G5/P05/20260801/G5_P05_20260801_own_001.mp4,G5,P05,20260801,own,1,001,unknown,unknown,unknown
G5_P05_20260801_own_002.mp4,G5/P05/20260801/G5_P05_20260801_own_002.mp4,G5,P05,20260801,own,1,002,unknown,unknown,unknown
G5_P05_20260801_own_003.mp4,G5/P05/20260801/G5_P05_20260801_own_003.mp4,G5,P05,20260801,own,1,003,unknown,unknown,unknown
G5_P05_20260801_own_004.mp4,G5/P05/20260801/G5_P05_20260801_own_004.mp4,G5,P05,20260801,own,1,004,unknown,unknown,unknown
G5_P05_20260801_own_005.mp4,G5/P05/20260801/G5_P05_20260801_own_005.mp4,G5,P05,20260801,own,1,005,unknown,unknown,unknown
G5_P05_20260802_own_001.mp4,G5/P05/20260802/G5_P05_20260802_own_001.mp4,G5,P05,20260802,own,1,001,unknown,unknown,unknown
G5_P05_20260802_own_002.mp4,G5/P05/20260802/G5_P05_20260802_own_002.mp4,G5,P05,20260802,own,1,002,unknown,unknown,unknown
G5_P05_20260802_own_003.mp4,G5/P05/20260802/G5_P05_20260802_own_003.mp4,G5,P05,20260802,own,1,003,unknown,unknown,unknown
G5_P05_20260802_own_004.mp4,G5/P05/20260802/G5_P05_20260802_own_004.mp4,G5,P05,20260802,own,1,004,unknown,unknown,unknown
G5_P05_20260802_own_005.mp4,G5/P05/20260802/G5_P05_20260802_own_005.mp4,G5,P05,20260802,own,1,005,unknown,unknown,unknown
G5_P05_20260803_own_001.mp4,G5/P05/20260803/G5_P05_20260803_own_001.mp4,G5,P05,20260803,own,1,001,unknown,unknown,unknown
G5_P05_20260803_own_002.mp4,G5/P05/20260803/G5_P05_20260803_own_002.mp4,G5,P05,20260803,own,1,002,unknown,unknown,unknown
G5_P05_20260803_own_003.mp4,G5/P05/20260803/G5_P05_20260803_own_003.mp4,G5,P05,20260803,own,1,003,unknown,unknown,unknown
G5_P05_20260803_own_004.mp4,G5/P05/20260803/G5_P05_20260803_own_004.mp4,G5,P05,20260803,own,1,004,unknown,unknown,unknown
G5_P05_20260803_own_005.mp4,G5/P05/20260803/G5_P05_20260803_own_005.mp4,G5,P05,20260803,own,1,005,unknown,unknown,unknown
G5_P05_20260804_own_001.mp4,G5/P05/20260804/G5_P05_20260804_own_001.mp4,G5,P05,20260804,own,1,001,unknown,unknown,unknown
G5_P05_20260804_own_002.mp4,G5/P05/20260804/G5_P05_20260804_own_002.mp4,G5,P05,20260804,own,1,002,unknown,unknown,unknown
G5_P05_20260804_own_003.mp4,G5/P05/20260804/G5_P05_20260804_own_003.mp4,G5,P05,20260804,own,1,003,unknown,unknown,unknown
G5_P05_20260804_own_004.mp4,G5/P05/20260804/G5_P05_20260804_own_004.mp4,G5,P05,20260804,own,1,004,unknown,unknown,unknown
G5_P05_20260804_own_005.mp4,G5/P05/20260804/G5_P05_20260804_own_005.mp4,G5,P05,20260804,own,1,005,unknown,unknown,unknown
G6_P01_20260725_impA_001.mp4,G6/P01/20260725/G6_P01_20260725_impA_001.mp4,G6,P01,20260725,impA,0,001,unknown,unknown,unknown
G6_P01_20260725_impA_002.mp4,G6/P01/20260725/G6_P01_20260725_impA_002.mp4,G6,P01,20260725,impA,0,002,unknown,unknown,unknown
G6_P01_20260725_impA_003.mp4,G6/P01/20260725/G6_P01_20260725_impA_003.mp4,G6,P01,20260725,impA,0,003,unknown,unknown,unknown
G6_P01_20260725_impA_004.mp4,G6/P01/20260725/G6_P01_20260725_impA_004.mp4,G6,P01,20260725,impA,0,004,unknown,unknown,unknown
G6_P01_20260725_impA_005.mp4,G6/P01/20260725/G6_P01_20260725_impA_005.mp4,G6,P01,20260725,impA,0,005,unknown,unknown,unknown
G6_P01_20260725_impA_006.mp4,G6/P01/20260725/G6_P01_20260725_impA_006.mp4,G6,P01,20260725,impA,0,006,unknown,unknown,unknown
G6_P01_20260725_impA_007.mp4,G6/P01/20260725/G6_P01_20260725_impA_007.mp4,G6,P01,20260725,impA,0,007,unknown,unknown,unknown
G6_P01_20260725_impA_008.mp4,G6/P01/20260725/G6_P01_20260725_impA_008.mp4,G6,P01,20260725,impA,0,008,unknown,unknown,unknown
G6_P01_20260725_impA_009.mp4,G6/P01/20260725/G6_P01_20260725_impA_009.mp4,G6,P01,20260725,impA,0,009,unknown,unknown,unknown
G6_P01_20260725_impA_010.mp4,G6/P01/20260725/G6_P01_20260725_impA_010.mp4,G6,P01,20260725,impA,0,010,unknown,unknown,unknown
G6_P01_20260730_impA_001.mp4,G6/P01/20260730/G6_P01_20260730_impA_001.mp4,G6,P01,20260730,impA,0,001,unknown,unknown,unknown
G6_P01_20260730_impA_002.mp4,G6/P01/20260730/G6_P01_20260730_impA_002.mp4,G6,P01,20260730,impA,0,002,unknown,unknown,unknown
G6_P01_20260802_impA_001.mp4,G6/P01/20260802/G6_P01_20260802_impA_001.mp4,G6,P01,20260802,impA,0,001,unknown,unknown,unknown
G6_P01_20260802_impA_002.mp4,G6/P01/20260802/G6_P01_20260802_impA_002.mp4,G6,P01,20260802,impA,0,002,unknown,unknown,unknown
G6_P01_20260803_impA_001.mp4,G6/P01/20260803/G6_P01_20260803_impA_001.mp4,G6,P01,20260803,impA,0,001,unknown,unknown,unknown
G6_P01_20260803_impA_002.mp4,G6/P01/20260803/G6_P01_20260803_impA_002.mp4,G6,P01,20260803,impA,0,002,unknown,unknown,unknown
G6_P01_20260804_impA_001.mp4,G6/P01/20260804/G6_P01_20260804_impA_001.mp4,G6,P01,20260804,impA,0,001,unknown,unknown,unknown
G6_P01_20260804_impA_002.mp4,G6/P01/20260804/G6_P01_20260804_impA_002.mp4,G6,P01,20260804,impA,0,002,unknown,unknown,unknown
G6_P01_20260805_impA_001.mp4,G6/P01/20260805/G6_P01_20260805_impA_001.mp4,G6,P01,20260805,impA,0,001,unknown,unknown,unknown
G6_P01_20260805_impA_002.mp4,G6/P01/20260805/G6_P01_20260805_impA_002.mp4,G6,P01,20260805,impA,0,002,unknown,unknown,unknown
G6_P02_20260725_impA_001.mp4,G6/P02/20260725/G6_P02_20260725_impA_001.mp4,G6,P02,20260725,impA,0,001,unknown,unknown,unknown
G6_P02_20260725_impA_002.mp4,G6/P02/20260725/G6_P02_20260725_impA_002.mp4,G6,P02,20260725,impA,0,002,unknown,unknown,unknown
G6_P02_20260725_impA_003.mp4,G6/P02/20260725/G6_P02_20260725_impA_003.mp4,G6,P02,20260725,impA,0,003,unknown,unknown,unknown
G6_P02_20260725_impA_004.mp4,G6/P02/20260725/G6_P02_20260725_impA_004.mp4,G6,P02,20260725,impA,0,004,unknown,unknown,unknown
G6_P02_20260725_impA_005.mp4,G6/P02/20260725/G6_P02_20260725_impA_005.mp4,G6,P02,20260725,impA,0,005,unknown,unknown,unknown
G6_P02_20260725_impA_006.mp4,G6/P02/20260725/G6_P02_20260725_impA_006.mp4,G6,P02,20260725,impA,0,006,unknown,unknown,unknown
G6_P02_20260725_impA_007.mp4,G6/P02/20260725/G6_P02_20260725_impA_007.mp4,G6,P02,20260725,impA,0,007,unknown,unknown,unknown
G6_P02_20260725_impA_008.mp4,G6/P02/20260725/G6_P02_20260725_impA_008.mp4,G6,P02,20260725,impA,0,008,unknown,unknown,unknown
G6_P02_20260725_impA_009.mp4,G6/P02/20260725/G6_P02_20260725_impA_009.mp4,G6,P02,20260725,impA,0,009,unknown,unknown,unknown
G6_P02_20260725_impA_010.mp4,G6/P02/20260725/G6_P02_20260725_impA_010.mp4,G6,P02,20260725,impA,0,010,unknown,unknown,unknown
G6_P02_20260729_impA_001.mp4,G6/P02/20260729/G6_P02_20260729_impA_001.mp4,G6,P02,20260729,impA,0,001,unknown,unknown,unknown
G6_P02_20260729_impA_002.mp4,G6/P02/20260729/G6_P02_20260729_impA_002.mp4,G6,P02,20260729,impA,0,002,unknown,unknown,unknown
G6_P02_20260731_impA_001.mp4,G6/P02/20260731/G6_P02_20260731_impA_001.mp4,G6,P02,20260731,impA,0,001,unknown,unknown,unknown
G6_P02_20260731_impA_002.mp4,G6/P02/20260731/G6_P02_20260731_impA_002.mp4,G6,P02,20260731,impA,0,002,unknown,unknown,unknown
G6_P02_20260801_impA_001.mp4,G6/P02/20260801/G6_P02_20260801_impA_001.mp4,G6,P02,20260801,impA,0,001,unknown,unknown,unknown
G6_P02_20260801_impA_002.mp4,G6/P02/20260801/G6_P02_20260801_impA_002.mp4,G6,P02,20260801,impA,0,002,unknown,unknown,unknown
G6_P02_20260802_impA_001.mp4,G6/P02/20260802/G6_P02_20260802_impA_001.mp4,G6,P02,20260802,impA,0,001,unknown,unknown,unknown
G6_P02_20260802_impA_002.mp4,G6/P02/20260802/G6_P02_20260802_impA_002.mp4,G6,P02,20260802,impA,0,002,unknown,unknown,unknown
G6_P02_20260803_impA_001.mp4,G6/P02/20260803/G6_P02_20260803_impA_001.mp4,G6,P02,20260803,impA,0,001,unknown,unknown,unknown
G6_P02_20260803_impA_002.mp4,G6/P02/20260803/G6_P02_20260803_impA_002.mp4,G6,P02,20260803,impA,0,002,unknown,unknown,unknown
G6_P02_20260804_impA_001.mp4,G6/P02/20260804/G6_P02_20260804_impA_001.mp4,G6,P02,20260804,impA,0,001,unknown,unknown,unknown
G6_P02_20260804_impA_002.mp4,G6/P02/20260804/G6_P02_20260804_impA_002.mp4,G6,P02,20260804,impA,0,002,unknown,unknown,unknown
G6_P03_20260725_impA_001.mp4,G6/P03/20260725/G6_P03_20260725_impA_001.mp4,G6,P03,20260725,impA,0,001,unknown,unknown,unknown
G6_P03_20260725_impA_002.mp4,G6/P03/20260725/G6_P03_20260725_impA_002.mp4,G6,P03,20260725,impA,0,002,unknown,unknown,unknown
G6_P03_20260725_impA_003.mp4,G6/P03/20260725/G6_P03_20260725_impA_003.mp4,G6,P03,20260725,impA,0,003,unknown,unknown,unknown
G6_P03_20260725_impA_004.mp4,G6/P03/20260725/G6_P03_20260725_impA_004.mp4,G6,P03,20260725,impA,0,004,unknown,unknown,unknown
G6_P03_20260725_impA_005.mp4,G6/P03/20260725/G6_P03_20260725_impA_005.mp4,G6,P03,20260725,impA,0,005,unknown,unknown,unknown
G6_P03_20260725_impA_006.mp4,G6/P03/20260725/G6_P03_20260725_impA_006.mp4,G6,P03,20260725,impA,0,006,unknown,unknown,unknown
G6_P03_20260725_impA_007.mp4,G6/P03/20260725/G6_P03_20260725_impA_007.mp4,G6,P03,20260725,impA,0,007,unknown,unknown,unknown
G6_P03_20260725_impA_008.mp4,G6/P03/20260725/G6_P03_20260725_impA_008.mp4,G6,P03,20260725,impA,0,008,unknown,unknown,unknown
G6_P03_20260725_impA_009.mp4,G6/P03/20260725/G6_P03_20260725_impA_009.mp4,G6,P03,20260725,impA,0,009,unknown,unknown,unknown
G6_P03_20260725_impA_010.mp4,G6/P03/20260725/G6_P03_20260725_impA_010.mp4,G6,P03,20260725,impA,0,010,unknown,unknown,unknown
G6_P03_20260803_impA_006.mp4,G6/P03/20260803/G6_P03_20260803_impA_006.mp4,G6,P03,20260803,impA,0,006,unknown,unknown,unknown
G6_P03_20260803_impA_010.mp4,G6/P03/20260803/G6_P03_20260803_impA_010.mp4,G6,P03,20260803,impA,0,010,unknown,unknown,unknown
G6_P03_20260804_impA_001.mp4,G6/P03/20260804/G6_P03_20260804_impA_001.mp4,G6,P03,20260804,impA,0,001,unknown,unknown,unknown
G6_P03_20260804_impA_002.mp4,G6/P03/20260804/G6_P03_20260804_impA_002.mp4,G6,P03,20260804,impA,0,002,unknown,unknown,unknown
G6_P03_20260805_impA_001.mp4,G6/P03/20260805/G6_P03_20260805_impA_001.mp4,G6,P03,20260805,impA,0,001,unknown,unknown,unknown
G6_P03_20260805_impA_002.mp4,G6/P03/20260805/G6_P03_20260805_impA_002.mp4,G6,P03,20260805,impA,0,002,unknown,unknown,unknown
G6_P03_20260805_impA_003.mp4,G6/P03/20260805/G6_P03_20260805_impA_003.mp4,G6,P03,20260805,impA,0,003,unknown,unknown,unknown
G6_P03_20260805_impA_004.mp4,G6/P03/20260805/G6_P03_20260805_impA_004.mp4,G6,P03,20260805,impA,0,004,unknown,unknown,unknown
G6_P04_20260725_impA_001.mp4,G6/P04/20260725/G6_P04_20260725_impA_001.mp4,G6,P04,20260725,impA,0,001,unknown,unknown,unknown
G6_P04_20260725_impA_002.mp4,G6/P04/20260725/G6_P04_20260725_impA_002.mp4,G6,P04,20260725,impA,0,002,unknown,unknown,unknown
G6_P04_20260725_impA_003.mp4,G6/P04/20260725/G6_P04_20260725_impA_003.mp4,G6,P04,20260725,impA,0,003,unknown,unknown,unknown
G6_P04_20260725_impA_004.mp4,G6/P04/20260725/G6_P04_20260725_impA_004.mp4,G6,P04,20260725,impA,0,004,unknown,unknown,unknown
G6_P04_20260725_impA_005.mp4,G6/P04/20260725/G6_P04_20260725_impA_005.mp4,G6,P04,20260725,impA,0,005,unknown,unknown,unknown
G6_P04_20260725_impA_006.mp4,G6/P04/20260725/G6_P04_20260725_impA_006.mp4,G6,P04,20260725,impA,0,006,unknown,unknown,unknown
G6_P04_20260725_impA_007.mp4,G6/P04/20260725/G6_P04_20260725_impA_007.mp4,G6,P04,20260725,impA,0,007,unknown,unknown,unknown
G6_P04_20260725_impA_008.mp4,G6/P04/20260725/G6_P04_20260725_impA_008.mp4,G6,P04,20260725,impA,0,008,unknown,unknown,unknown
G6_P04_20260725_impA_009.mp4,G6/P04/20260725/G6_P04_20260725_impA_009.mp4,G6,P04,20260725,impA,0,009,unknown,unknown,unknown
G6_P04_20260725_impA_010.mp4,G6/P04/20260725/G6_P04_20260725_impA_010.mp4,G6,P04,20260725,impA,0,010,unknown,unknown,unknown
G6_P04_20260730_impA_001.mp4,G6/P04/20260730/G6_P04_20260730_impA_001.mp4,G6,P04,20260730,impA,0,001,unknown,unknown,unknown
G6_P04_20260730_impA_002.mp4,G6/P04/20260730/G6_P04_20260730_impA_002.mp4,G6,P04,20260730,impA,0,002,unknown,unknown,unknown
G6_P04_20260802_impA_001.mp4,G6/P04/20260802/G6_P04_20260802_impA_001.mp4,G6,P04,20260802,impA,0,001,unknown,unknown,unknown
G6_P04_20260802_impA_002.mp4,G6/P04/20260802/G6_P04_20260802_impA_002.mp4,G6,P04,20260802,impA,0,002,unknown,unknown,unknown
G6_P04_20260803_impA_001.mp4,G6/P04/20260803/G6_P04_20260803_impA_001.mp4,G6,P04,20260803,impA,0,001,unknown,unknown,unknown
G6_P04_20260803_impA_002.mp4,G6/P04/20260803/G6_P04_20260803_impA_002.mp4,G6,P04,20260803,impA,0,002,unknown,unknown,unknown
G6_P04_20260804_impA_001.mp4,G6/P04/20260804/G6_P04_20260804_impA_001.mp4,G6,P04,20260804,impA,0,001,unknown,unknown,unknown
G6_P04_20260804_impA_002.mp4,G6/P04/20260804/G6_P04_20260804_impA_002.mp4,G6,P04,20260804,impA,0,002,unknown,unknown,unknown
G6_P04_20260805_impA_001.mp4,G6/P04/20260805/G6_P04_20260805_impA_001.mp4,G6,P04,20260805,impA,0,001,unknown,unknown,unknown
G6_P04_20260805_impA_002.mp4,G6/P04/20260805/G6_P04_20260805_impA_002.mp4,G6,P04,20260805,impA,0,002,unknown,unknown,unknown
G6_P05_20260725_impA_001.mp4,G6/P05/20260725/G6_P05_20260725_impA_001.mp4,G6,P05,20260725,impA,0,001,unknown,unknown,unknown
G6_P05_20260725_impA_002.mp4,G6/P05/20260725/G6_P05_20260725_impA_002.mp4,G6,P05,20260725,impA,0,002,unknown,unknown,unknown
G6_P05_20260725_impA_003.mp4,G6/P05/20260725/G6_P05_20260725_impA_003.mp4,G6,P05,20260725,impA,0,003,unknown,unknown,unknown
G6_P05_20260725_impA_004.mp4,G6/P05/20260725/G6_P05_20260725_impA_004.mp4,G6,P05,20260725,impA,0,004,unknown,unknown,unknown
G6_P05_20260725_impA_005.mp4,G6/P05/20260725/G6_P05_20260725_impA_005.mp4,G6,P05,20260725,impA,0,005,unknown,unknown,unknown
G6_P05_20260725_impA_006.mp4,G6/P05/20260725/G6_P05_20260725_impA_006.mp4,G6,P05,20260725,impA,0,006,unknown,unknown,unknown
G6_P05_20260725_impA_007.mp4,G6/P05/20260725/G6_P05_20260725_impA_007.mp4,G6,P05,20260725,impA,0,007,unknown,unknown,unknown
G6_P05_20260725_impA_008.mp4,G6/P05/20260725/G6_P05_20260725_impA_008.mp4,G6,P05,20260725,impA,0,008,unknown,unknown,unknown
G6_P05_20260725_impA_009.mp4,G6/P05/20260725/G6_P05_20260725_impA_009.mp4,G6,P05,20260725,impA,0,009,unknown,unknown,unknown
G6_P05_20260725_impA_010.mp4,G6/P05/20260725/G6_P05_20260725_impA_010.mp4,G6,P05,20260725,impA,0,010,unknown,unknown,unknown
G6_P05_20260731_impA_001.mp4,G6/P05/20260731/G6_P05_20260731_impA_001.mp4,G6,P05,20260731,impA,0,001,unknown,unknown,unknown
G6_P05_20260731_impA_002.mp4,G6/P05/20260731/G6_P05_20260731_impA_002.mp4,G6,P05,20260731,impA,0,002,unknown,unknown,unknown
G6_P05_20260801_impA_001.mp4,G6/P05/20260801/G6_P05_20260801_impA_001.mp4,G6,P05,20260801,impA,0,001,unknown,unknown,unknown
G6_P05_20260801_impA_002.mp4,G6/P05/20260801/G6_P05_20260801_impA_002.mp4,G6,P05,20260801,impA,0,002,unknown,unknown,unknown
G6_P05_20260802_impA_001.mp4,G6/P05/20260802/G6_P05_20260802_impA_001.mp4,G6,P05,20260802,impA,0,001,unknown,unknown,unknown
G6_P05_20260802_impA_002.mp4,G6/P05/20260802/G6_P05_20260802_impA_002.mp4,G6,P05,20260802,impA,0,002,unknown,unknown,unknown
G6_P05_20260803_impA_001.mp4,G6/P05/20260803/G6_P05_20260803_impA_001.mp4,G6,P05,20260803,impA,0,001,unknown,unknown,unknown
G6_P05_20260803_impA_002.mp4,G6/P05/20260803/G6_P05_20260803_impA_002.mp4,G6,P05,20260803,impA,0,002,unknown,unknown,unknown
G6_P05_20260804_impA_001.mp4,G6/P05/20260804/G6_P05_20260804_impA_001.mp4,G6,P05,20260804,impA,0,001,unknown,unknown,unknown
G6_P05_20260804_impA_002.mp4,G6/P05/20260804/G6_P05_20260804_impA_002.mp4,G6,P05,20260804,impA,0,002,unknown,unknown,unknown
G6_P06_20260725_own_001.mp4,G6/P06/20260725/G6_P06_20260725_own_001.mp4,G6,P06,20260725,own,1,001,unknown,unknown,unknown
G6_P06_20260725_own_002.mp4,G6/P06/20260725/G6_P06_20260725_own_002.mp4,G6,P06,20260725,own,1,002,unknown,unknown,unknown
G6_P06_20260725_own_003.mp4,G6/P06/20260725/G6_P06_20260725_own_003.mp4,G6,P06,20260725,own,1,003,unknown,unknown,unknown
G6_P06_20260725_own_004.mp4,G6/P06/20260725/G6_P06_20260725_own_004.mp4,G6,P06,20260725,own,1,004,unknown,unknown,unknown
G6_P06_20260725_own_005.mp4,G6/P06/20260725/G6_P06_20260725_own_005.mp4,G6,P06,20260725,own,1,005,unknown,unknown,unknown
G6_P06_20260725_own_006.mp4,G6/P06/20260725/G6_P06_20260725_own_006.mp4,G6,P06,20260725,own,1,006,unknown,unknown,unknown
G6_P06_20260725_own_007.mp4,G6/P06/20260725/G6_P06_20260725_own_007.mp4,G6,P06,20260725,own,1,007,unknown,unknown,unknown
G6_P06_20260725_own_008.mp4,G6/P06/20260725/G6_P06_20260725_own_008.mp4,G6,P06,20260725,own,1,008,unknown,unknown,unknown
G6_P06_20260725_own_009.mp4,G6/P06/20260725/G6_P06_20260725_own_009.mp4,G6,P06,20260725,own,1,009,unknown,unknown,unknown
G6_P06_20260725_own_010.mp4,G6/P06/20260725/G6_P06_20260725_own_010.mp4,G6,P06,20260725,own,1,010,unknown,unknown,unknown
G6_P06_20260725_own_011.mp4,G6/P06/20260725/G6_P06_20260725_own_011.mp4,G6,P06,20260725,own,1,011,unknown,unknown,unknown
G6_P06_20260725_own_012.mp4,G6/P06/20260725/G6_P06_20260725_own_012.mp4,G6,P06,20260725,own,1,012,unknown,unknown,unknown
G6_P06_20260725_own_013.mp4,G6/P06/20260725/G6_P06_20260725_own_013.mp4,G6,P06,20260725,own,1,013,unknown,unknown,unknown
G6_P06_20260725_own_014.mp4,G6/P06/20260725/G6_P06_20260725_own_014.mp4,G6,P06,20260725,own,1,014,unknown,unknown,unknown
G6_P06_20260725_own_015.mp4,G6/P06/20260725/G6_P06_20260725_own_015.mp4,G6,P06,20260725,own,1,015,unknown,unknown,unknown
