file,width,height,fps,nb_frames,rotation,display_w,display_h,error
videos\G1\P01\20260725\G1_P01_20260725_own_001.mp4,1080,1920,27.549,80,0,1080,1920,
videos\G1\P01\20260725\G1_P01_20260725_own_002.mp4,1080,1920,30.004,75,0,1080,1920,
videos\G1\P01\20260725\G1_P01_20260725_own_003.mp4,1080,1920,23.933,56,0,1080,1920,
videos\G1\P01\20260725\G1_P01_20260725_own_004.mp4,1080,1920,23.933,63,0,1080,1920,
videos\G1\P01\20260725\G1_P01_20260725_own_005.mp4,1080,1920,23.933,60,0,1080,1920,
videos\G1\P01\20260725\G1_P01_20260725_own_006.mp4,1080,1920,29.941,83,0,1080,1920,
videos\G1\P01\20260725\G1_P01_20260725_own_007.mp4,1080,1920,23.933,95,0,1080,1920,
videos\G1\P01\20260725\G1_P01_20260725_own_008.mp4,1080,1920,23.933,96,0,1080,1920,
videos\G1\P01\20260725\G1_P01_20260725_own_009.mp4,1080,1920,29.171,75,0,1080,1920,
videos\G1\P01\20260725\G1_P01_20260725_own_010.mp4,1080,1920,29.941,119,0,1080,1920,
videos\G1\P01\20260725\G1_P01_20260725_own_011.mp4,1080,1920,23.944,91,0,1080,1920,
videos\G1\P01\20260725\G1_P01_20260725_own_012.mp4,1080,1920,23.933,114,0,1080,1920,
videos\G1\P01\20260725\G1_P01_20260725_own_013.mp4,1080,1920,23.933,59,0,1080,1920,
videos\G1\P01\20260725\G1_P01_20260725_own_014.mp4,1080,1920,23.933,59,0,1080,1920,
videos\G1\P01\20260725\G1_P01_20260725_own_015.mp4,1080,1920,23.934,68,0,1080,1920,
videos\G1\P01\20260730\G1_P01_20260730_own_001.mp4,1920,1080,30.007,90,90,1080,1920,
videos\G1\P01\20260730\G1_P01_20260730_own_002.mp4,1920,1080,30.121,73,90,1080,1920,
videos\G1\P01\20260730\G1_P01_20260730_own_003.mp4,1920,1080,30.335,69,90,1080,1920,
videos\G1\P01\20260730\G1_P01_20260730_own_004.mp4,1920,1080,30.253,73,90,1080,1920,
videos\G1\P01\20260730\G1_P01_20260730_own_005.mp4,1920,1080,30.375,81,90,1080,1920,
videos\G1\P01\20260802\G1_P01_20260802_own_001.mp4,1920,1080,30.254,85,90,1080,1920,
videos\G1\P01\20260802\G1_P01_20260802_own_002.mp4,1920,1080,29.868,84,90,1080,1920,
videos\G1\P01\20260802\G1_P01_20260802_own_003.mp4,1920,1080,30.004,59,90,1080,1920,
videos\G1\P01\20260802\G1_P01_20260802_own_004.mp4,1920,1080,29.69,75,90,1080,1920,
videos\G1\P01\20260802\G1_P01_20260802_own_005.mp4,1920,1080,29.565,63,90,1080,1920,
videos\G1\P01\20260803\G1_P01_20260803_own_001.mp4,1920,1080,29.843,87,90,1080,1920,
videos\G1\P01\20260803\G1_P01_20260803_own_002.mp4,1920,1080,30.004,67,90,1080,1920,
videos\G1\P01\20260803\G1_P01_20260803_own_003.mp4,1920,1080,29.732,71,90,1080,1920,
videos\G1\P01\20260803\G1_P01_20260803_own_004.mp4,1920,1080,30.077,85,90,1080,1920,
videos\G1\P01\20260803\G1_P01_20260803_own_005.mp4,1920,1080,30.007,82,90,1080,1920,
videos\G1\P01\20260804\G1_P01_20260804_own_001.mp4,1920,1080,29.745,88,90,1080,1920,
videos\G1\P01\20260804\G1_P01_20260804_own_002.mp4,1920,1080,30.187,85,90,1080,1920,
videos\G1\P01\20260804\G1_P01_20260804_own_003.mp4,1920,1080,29.951,88,90,1080,1920,
videos\G1\P01\20260804\G1_P01_20260804_own_004.mp4,1920,1080,30.341,89,90,1080,1920,
videos\G1\P01\20260804\G1_P01_20260804_own_005.mp4,1920,1080,30.313,97,90,1080,1920,
videos\G1\P01\20260805\G1_P01_20260805_own_001.mp4,1920,1080,29.665,78,90,1080,1920,
videos\G1\P01\20260805\G1_P01_20260805_own_002.mp4,1920,1080,29.713,74,90,1080,1920,
videos\G1\P01\20260805\G1_P01_20260805_own_003.mp4,1920,1080,30.169,81,90,1080,1920,
videos\G1\P01\20260805\G1_P01_20260805_own_004.mp4,1920,1080,30.258,73,90,1080,1920,
videos\G1\P01\20260805\G1_P01_20260805_own_005.mp4,1920,1080,30.272,81,90,1080,1920,
videos\G1\P02\20260725\G1_P02_20260725_impA_001.mp4,1920,1080,30.419,61,90,1080,1920,
videos\G1\P02\20260725\G1_P02_20260725_impA_002.mp4,1920,1080,29.649,50,90,1080,1920,
videos\G1\P02\20260725\G1_P02_20260725_impA_003.mp4,1920,1080,29.886,56,90,1080,1920,
videos\G1\P02\20260725\G1_P02_20260725_impA_004.mp4,1920,1080,30.004,60,90,1080,1920,
videos\G1\P02\20260725\G1_P02_20260725_impA_005.mp4,1920,1080,29.646,60,90,1080,1920,
videos\G1\P02\20260725\G1_P02_20260725_impA_006.mp4,1920,1080,29.901,55,90,1080,1920,
videos\G1\P02\20260725\G1_P02_20260725_impA_007.mp4,1920,1080,29.8,72,90,1080,1920,
videos\G1\P02\20260725\G1_P02_20260725_impA_008.mp4,1920,1080,30.004,63,90,1080,1920,
videos\G1\P02\20260725\G1_P02_20260725_impA_009.mp4,1920,1080,23.583,67,90,1080,1920,
videos\G1\P02\20260725\G1_P02_20260725_impA_010.mp4,1920,1080,23.855,54,90,1080,1920,
videos\G1\P02\20260729\G1_P02_20260729_impA_001.mp4,1920,1080,30.026,68,90,1080,1920,
videos\G1\P02\20260729\G1_P02_20260729_impA_002.mp4,1920,1080,30.004,56,90,1080,1920,
videos\G1\P02\20260731\G1_P02_20260731_impA_001.mp4,1920,1080,30.184,81,90,1080,1920,
videos\G1\P02\20260731\G1_P02_20260731_impA_002.mp4,1920,1080,30.037,81,90,1080,1920,
videos\G1\P02\20260801\G1_P02_20260801_impA_001.mp4,1920,1080,29.559,47,90,1080,1920,
videos\G1\P02\20260801\G1_P02_20260801_impA_002.mp4,1920,1080,30.524,61,90,1080,1920,
videos\G1\P02\20260802\G1_P02_20260802_impA_001.mp4,1920,1080,29.757,48,90,1080,1920,
videos\G1\P02\20260802\G1_P02_20260802_impA_002.mp4,1920,1080,29.867,59,90,1080,1920,
videos\G1\P02\20260803\G1_P02_20260803_impA_001.mp4,1920,1080,29.883,63,90,1080,1920,
videos\G1\P02\20260803\G1_P02_20260803_impA_002.mp4,1920,1080,29.685,51,90,1080,1920,
videos\G1\P02\20260804\G1_P02_20260804_impA_001.mp4,1920,1080,30.377,57,90,1080,1920,
videos\G1\P02\20260804\G1_P02_20260804_impA_002.mp4,1920,1080,29.881,54,90,1080,1920,
videos\G1\P03\20260725\G1_P03_20260725_impA_001.mp4,1920,1080,29.918,120,90,1080,1920,
videos\G1\P03\20260725\G1_P03_20260725_impA_002.mp4,1920,1080,29.858,116,90,1080,1920,
videos\G1\P03\20260725\G1_P03_20260725_impA_003.mp4,1920,1080,29.868,118,90,1080,1920,
videos\G1\P03\20260725\G1_P03_20260725_impA_004.mp4,1920,1080,29.837,105,90,1080,1920,
videos\G1\P03\20260725\G1_P03_20260725_impA_005.mp4,1920,1080,29.866,106,90,1080,1920,
videos\G1\P03\20260725\G1_P03_20260725_impA_006.mp4,1920,1080,29.939,115,90,1080,1920,
videos\G1\P03\20260725\G1_P03_20260725_impA_007.mp4,1920,1080,29.819,100,90,1080,1920,
videos\G1\P03\20260725\G1_P03_20260725_impA_008.mp4,1920,1080,29.846,96,90,1080,1920,
videos\G1\P03\20260725\G1_P03_20260725_impA_009.mp4,1920,1080,29.824,94,90,1080,1920,
videos\G1\P03\20260725\G1_P03_20260725_impA_010.mp4,1920,1080,29.767,109,90,1080,1920,
videos\G1\P03\20260803\G1_P03_20260803_impA_001.mp4,1920,1080,29.969,118,90,1080,1920,
videos\G1\P03\20260803\G1_P03_20260803_impA_002.mp4,1920,1080,30.006,123,90,1080,1920,
videos\G1\P03\20260804\G1_P03_20260804_impA_001.mp4,1920,1080,29.947,96,90,1080,1920,
videos\G1\P03\20260804\G1_P03_20260804_impA_002.mp4,1920,1080,29.908,105,90,1080,1920,
videos\G1\P03\20260805\G1_P03_20260805_impA_001.mp4,1920,1080,30.006,87,90,1080,1920,
videos\G1\P03\20260805\G1_P03_20260805_impA_002.mp4,1920,1080,29.963,86,90,1080,1920,
videos\G1\P03\20260805\G1_P03_20260805_impA_003.mp4,1920,1080,30.006,75,90,1080,1920,
videos\G1\P03\20260805\G1_P03_20260805_impA_004.mp4,1920,1080,29.987,83,90,1080,1920,
videos\G1\P04\20260725\G1_P04_20260725_impA_001.mp4,1280,720,24.0,88,90,720,1280,
videos\G1\P04\20260725\G1_P04_20260725_impA_002.mp4,1280,720,24.0,89,90,720,1280,
videos\G1\P04\20260725\G1_P04_20260725_impA_003.mp4,1280,720,24.0,89,90,720,1280,
videos\G1\P04\20260725\G1_P04_20260725_impA_004.mp4,1280,720,24.0,94,90,720,1280,
videos\G1\P04\20260725\G1_P04_20260725_impA_005.mp4,1280,720,24.0,88,90,720,1280,
videos\G1\P04\20260725\G1_P04_20260725_impA_006.mp4,1280,720,24.0,89,90,720,1280,
videos\G1\P04\20260725\G1_P04_20260725_impA_007.mp4,1280,720,24.0,89,90,720,1280,
videos\G1\P04\20260725\G1_P04_20260725_impA_008.mp4,1280,720,24.0,98,90,720,1280,
videos\G1\P04\20260725\G1_P04_20260725_impA_009.mp4,1280,720,24.0,89,90,720,1280,
videos\G1\P04\20260725\G1_P04_20260725_impA_010.mp4,1280,720,24.0,87,90,720,1280,
videos\G1\P04\20260730\G1_P04_20260730_impA_001.mp4,1920,1080,30.0,106,90,1080,1920,
videos\G1\P04\20260730\G1_P04_20260730_impA_002.mp4,1920,1080,30.0,105,90,1080,1920,
videos\G1\P04\20260802\G1_P04_20260802_impA_001.mp4,1920,1080,30.0,99,90,1080,1920,
videos\G1\P04\20260802\G1_P04_20260802_impA_002.mp4,1920,1080,30.0,107,90,1080,1920,
videos\G1\P04\20260803\G1_P04_20260803_impA_001.mp4,1920,1080,30.0,116,90,1080,1920,
videos\G1\P04\20260803\G1_P04_20260803_impA_002.mp4,1920,1080,30.0,106,90,1080,1920,
videos\G1\P04\20260804\G1_P04_20260804_impA_001.mp4,1920,1080,30.0,109,90,1080,1920,
videos\G1\P04\20260804\G1_P04_20260804_impA_002.mp4,1920,1080,30.0,111,90,1080,1920,
videos\G1\P04\20260805\G1_P04_20260805_impA_001.mp4,1920,1080,30.0,109,90,1080,1920,
videos\G1\P04\20260805\G1_P04_20260805_impA_002.mp4,1920,1080,30.0,117,90,1080,1920,
videos\G1\P05\20260725\G1_P05_20260725_impA_001.mp4,1920,1080,30.0,94,-90,1080,1920,
videos\G1\P05\20260725\G1_P05_20260725_impA_002.mp4,1920,1080,30.0,129,-90,1080,1920,
videos\G1\P05\20260725\G1_P05_20260725_impA_003.mp4,1920,1080,30.0,123,-90,1080,1920,
videos\G1\P05\20260725\G1_P05_20260725_impA_004.mp4,1920,1080,30.0,109,-90,1080,1920,
videos\G1\P05\20260725\G1_P05_20260725_impA_005.mp4,1920,1080,30.0,125,-90,1080,1920,
videos\G1\P05\20260725\G1_P05_20260725_impA_006.mp4,1920,1080,30.0,113,-90,1080,1920,
videos\G1\P05\20260725\G1_P05_20260725_impA_007.mp4,1920,1080,30.0,104,-90,1080,1920,
videos\G1\P05\20260725\G1_P05_20260725_impA_008.mp4,1920,1080,30.0,99,-90,1080,1920,
videos\G1\P05\20260725\G1_P05_20260725_impA_009.mp4,1920,1080,30.0,98,-90,1080,1920,
videos\G1\P05\20260725\G1_P05_20260725_impA_010.mp4,1920,1080,30.0,114,-90,1080,1920,
videos\G1\P05\20260731\G1_P05_20260731_impA_001.mp4,1920,1080,30.0,122,-90,1080,1920,
videos\G1\P05\20260731\G1_P05_20260731_impA_002.mp4,1920,1080,30.0,121,-90,1080,1920,
videos\G1\P05\20260801\G1_P05_20260801_impA_001.mp4,1920,1080,30.0,122,-90,1080,1920,
videos\G1\P05\20260801\G1_P05_20260801_impA_002.mp4,1920,1080,30.0,136,-90,1080,1920,
videos\G1\P05\20260802\G1_P05_20260802_impA_001.mp4,1920,1080,30.0,116,-90,1080,1920,
videos\G1\P05\20260802\G1_P05_20260802_impA_002.mp4,1920,1080,30.0,158,-90,1080,1920,
videos\G1\P05\20260803\G1_P05_20260803_impA_001.mp4,1920,1080,30.0,147,-90,1080,1920,
videos\G1\P05\20260803\G1_P05_20260803_impA_002.mp4,1920,1080,30.0,148,-90,1080,1920,
videos\G1\P05\20260804\G1_P05_20260804_impA_001.mp4,1920,1080,30.0,112,-90,1080,1920,
videos\G1\P05\20260804\G1_P05_20260804_impA_002.mp4,1920,1080,30.0,136,-90,1080,1920,
videos\G1\P06\20260725\G1_P06_20260725_impA_001.mp4,1080,1920,29.959,91,0,1080,1920,
videos\G1\P06\20260725\G1_P06_20260725_impA_002.mp4,1080,1920,29.958,86,0,1080,1920,
videos\G1\P06\20260725\G1_P06_20260725_impA_003.mp4,1080,1920,29.887,104,0,1080,1920,
videos\G1\P06\20260725\G1_P06_20260725_impA_004.mp4,1080,1920,29.958,97,0,1080,1920,
videos\G1\P06\20260725\G1_P06_20260725_impA_005.mp4,1080,1920,29.877,91,0,1080,1920,
videos\G1\P06\20260725\G1_P06_20260725_impA_006.mp4,1080,1920,29.959,78,0,1080,1920,
videos\G1\P06\20260725\G1_P06_20260725_impA_007.mp4,1080,1920,29.959,103,0,1080,1920,
videos\G1\P06\20260725\G1_P06_20260725_impA_008.mp4,1080,1920,29.837,61,0,1080,1920,
videos\G1\P06\20260725\G1_P06_20260725_impA_009.mp4,1080,1920,29.959,80,0,1080,1920,
videos\G1\P06\20260725\G1_P06_20260725_impA_010.mp4,1080,1920,29.959,100,0,1080,1920,
videos\G2\P01\20260725\G2_P01_20260725_impA_001.mp4,1920,1080,29.941,40,90,1080,1920,
videos\G2\P01\20260725\G2_P01_20260725_impA_002.mp4,1920,1080,29.942,59,90,1080,1920,
videos\G2\P01\20260725\G2_P01_20260725_impA_003.mp4,1920,1080,29.941,48,90,1080,1920,
videos\G2\P01\20260725\G2_P01_20260725_impA_004.mp4,1920,1080,29.941,55,90,1080,1920,
videos\G2\P01\20260725\G2_P01_20260725_impA_005.mp4,1920,1080,29.99,51,90,1080,1920,
videos\G2\P01\20260725\G2_P01_20260725_impA_006.mp4,1920,1080,29.839,78,90,1080,1920,
videos\G2\P01\20260725\G2_P01_20260725_impA_007.mp4,1920,1080,29.904,50,90,1080,1920,
videos\G2\P01\20260725\G2_P01_20260725_impA_008.mp4,1920,1080,30.004,67,90,1080,1920,
videos\G2\P01\20260725\G2_P01_20260725_impA_009.mp4,1920,1080,29.963,47,90,1080,1920,
videos\G2\P01\20260725\G2_P01_20260725_impA_010.mp4,1920,1080,29.717,60,90,1080,1920,
videos\G2\P01\20260730\G2_P01_20260730_impA_001.mp4,1920,1080,30.004,52,90,1080,1920,
videos\G2\P01\20260730\G2_P01_20260730_impA_002.mp4,1920,1080,30.004,71,90,1080,1920,
videos\G2\P01\20260802\G2_P01_20260802_impA_001.mp4,1920,1080,29.987,63,90,1080,1920,
videos\G2\P01\20260802\G2_P01_20260802_impA_002.mp4,1920,1080,29.696,68,90,1080,1920,
videos\G2\P01\20260803\G2_P01_20260803_impA_001.mp4,1920,1080,30.008,66,90,1080,1920,
videos\G2\P01\20260803\G2_P01_20260803_impA_002.mp4,1920,1080,30.534,57,90,1080,1920,
videos\G2\P01\20260804\G2_P01_20260804_impA_001.mp4,1920,1080,29.685,60,90,1080,1920,
videos\G2\P01\20260804\G2_P01_20260804_impA_002.mp4,1920,1080,30.004,68,90,1080,1920,
videos\G2\P01\20260805\G2_P01_20260805_impA_001.mp4,1920,1080,30.246,57,90,1080,1920,
videos\G2\P01\20260805\G2_P01_20260805_impA_002.mp4,1920,1080,29.728,62,90,1080,1920,
videos\G2\P02\20260725\G2_P02_20260725_own_001.mp4,1920,1080,29.982,86,90,1080,1920,
videos\G2\P02\20260725\G2_P02_20260725_own_002.mp4,1920,1080,30.193,77,90,1080,1920,
videos\G2\P02\20260725\G2_P02_20260725_own_003.mp4,1920,1080,30.422,49,90,1080,1920,
videos\G2\P02\20260725\G2_P02_20260725_own_004.mp4,1920,1080,29.771,64,90,1080,1920,
videos\G2\P02\20260725\G2_P02_20260725_own_005.mp4,1920,1080,29.78,48,90,1080,1920,
videos\G2\P02\20260725\G2_P02_20260725_own_006.mp4,1920,1080,30.308,37,90,1080,1920,
videos\G2\P02\20260725\G2_P02_20260725_own_007.mp4,1920,1080,29.834,42,90,1080,1920,
videos\G2\P02\20260725\G2_P02_20260725_own_008.mp4,1920,1080,29.58,44,90,1080,1920,
videos\G2\P02\20260725\G2_P02_20260725_own_009.mp4,1920,1080,30.005,43,90,1080,1920,
videos\G2\P02\20260725\G2_P02_20260725_own_010.mp4,1920,1080,23.806,48,90,1080,1920,
videos\G2\P02\20260729\G2_P02_20260729_own_001.mp4,1920,1080,30.449,65,90,1080,1920,
videos\G2\P02\20260729\G2_P02_20260729_own_002.mp4,1920,1080,30.19,57,90,1080,1920,
videos\G2\P02\20260729\G2_P02_20260729_own_003.mp4,1920,1080,30.528,53,90,1080,1920,
videos\G2\P02\20260729\G2_P02_20260729_own_004.mp4,1920,1080,30.004,63,90,1080,1920,
videos\G2\P02\20260729\G2_P02_20260729_own_005.mp4,1920,1080,29.927,60,90,1080,1920,
videos\G2\P02\20260731\G2_P02_20260731_own_001.mp4,1920,1080,28.18,73,90,1080,1920,
videos\G2\P02\20260731\G2_P02_20260731_own_002.mp4,1920,1080,30.264,77,90,1080,1920,
videos\G2\P02\20260731\G2_P02_20260731_own_003.mp4,1920,1080,30.191,73,90,1080,1920,
videos\G2\P02\20260731\G2_P02_20260731_own_004.mp4,1920,1080,29.866,64,90,1080,1920,
videos\G2\P02\20260731\G2_P02_20260731_own_005.mp4,1920,1080,30.29,69,90,1080,1920,
videos\G2\P02\20260801\G2_P02_20260801_own_001.mp4,1920,1080,29.764,71,90,1080,1920,
videos\G2\P02\20260801\G2_P02_20260801_own_002.mp4,1920,1080,29.579,58,90,1080,1920,
videos\G2\P02\20260801\G2_P02_20260801_own_003.mp4,1920,1080,30.011,52,90,1080,1920,
videos\G2\P02\20260801\G2_P02_20260801_own_004.mp4,1920,1080,29.966,66,90,1080,1920,
videos\G2\P02\20260801\G2_P02_20260801_own_005.mp4,1920,1080,30.561,57,90,1080,1920,
videos\G2\P02\20260802\G2_P02_20260802_own_001.mp4,1920,1080,29.71,78,-90,1080,1920,
videos\G2\P02\20260802\G2_P02_20260802_own_002.mp4,1920,1080,30.131,64,90,1080,1920,
videos\G2\P02\20260802\G2_P02_20260802_own_003.mp4,1920,1080,29.881,50,90,1080,1920,
videos\G2\P02\20260802\G2_P02_20260802_own_004.mp4,1920,1080,29.646,58,90,1080,1920,
videos\G2\P02\20260802\G2_P02_20260802_own_005.mp4,1920,1080,29.827,58,90,1080,1920,
videos\G2\P02\20260803\G2_P02_20260803_own_001.mp4,1920,1080,29.697,68,90,1080,1920,
videos\G2\P02\20260803\G2_P02_20260803_own_002.mp4,1920,1080,30.008,62,90,1080,1920,
videos\G2\P02\20260803\G2_P02_20260803_own_003.mp4,1920,1080,30.004,76,90,1080,1920,
videos\G2\P02\20260803\G2_P02_20260803_own_004.mp4,1920,1080,29.732,55,90,1080,1920,
videos\G2\P02\20260803\G2_P02_20260803_own_005.mp4,1920,1080,29.665,74,90,1080,1920,
videos\G2\P02\20260804\G2_P02_20260804_own_001.mp4,1920,1080,29.661,70,90,1080,1920,
videos\G2\P02\20260804\G2_P02_20260804_own_002.mp4,1920,1080,29.779,63,90,1080,1920,
videos\G2\P02\20260804\G2_P02_20260804_own_003.mp4,1920,1080,29.612,54,90,1080,1920,
videos\G2\P02\20260804\G2_P02_20260804_own_004.mp4,1920,1080,30.413,49,90,1080,1920,
videos\G2\P02\20260804\G2_P02_20260804_own_005.mp4,1920,1080,29.825,63,90,1080,1920,
videos\G2\P03\20260725\G2_P03_20260725_impA_001.mp4,1920,1080,29.823,121,90,1080,1920,
videos\G2\P03\20260725\G2_P03_20260725_impA_002.mp4,1920,1080,29.941,98,90,1080,1920,
videos\G2\P03\20260725\G2_P03_20260725_impA_003.mp4,1920,1080,29.643,95,90,1080,1920,
videos\G2\P03\20260725\G2_P03_20260725_impA_004.mp4,1920,1080,29.934,109,90,1080,1920,
videos\G2\P03\20260725\G2_P03_20260725_impA_005.mp4,1920,1080,29.904,117,90,1080,1920,
videos\G2\P03\20260725\G2_P03_20260725_impA_006.mp4,1920,1080,29.939,117,90,1080,1920,
videos\G2\P03\20260725\G2_P03_20260725_impA_007.mp4,1920,1080,30.006,105,90,1080,1920,
videos\G2\P03\20260725\G2_P03_20260725_impA_008.mp4,1920,1080,29.859,102,90,1080,1920,
videos\G2\P03\20260725\G2_P03_20260725_impA_009.mp4,1920,1080,29.941,104,90,1080,1920,
videos\G2\P03\20260725\G2_P03_20260725_impA_010.mp4,1920,1080,29.96,90,90,1080,1920,
videos\G2\P03\20260803\G2_P03_20260803_impA_001.mp4,1920,1080,30.006,113,90,1080,1920,
videos\G2\P03\20260803\G2_P03_20260803_impA_002.mp4,1920,1080,29.903,102,90,1080,1920,
videos\G2\P03\20260804\G2_P03_20260804_impA_001.mp4,1920,1080,29.994,101,90,1080,1920,
videos\G2\P03\20260804\G2_P03_20260804_impA_002.mp4,1920,1080,30.006,91,90,1080,1920,
videos\G2\P03\20260805\G2_P03_20260805_impA_001.mp4,1920,1080,29.829,95,90,1080,1920,
videos\G2\P03\20260805\G2_P03_20260805_impA_002.mp4,1920,1080,29.706,76,90,1080,1920,
videos\G2\P03\20260805\G2_P03_20260805_impA_003.mp4,1920,1080,29.959,69,90,1080,1920,
videos\G2\P03\20260805\G2_P03_20260805_impA_004.mp4,1920,1080,29.831,94,90,1080,1920,
videos\G2\P04\20260725\G2_P04_20260725_impA_001.mp4,1280,720,24.0,78,90,720,1280,
videos\G2\P04\20260725\G2_P04_20260725_impA_002.mp4,1280,720,24.0,86,90,720,1280,
videos\G2\P04\20260725\G2_P04_20260725_impA_003.mp4,1280,720,24.0,87,90,720,1280,
videos\G2\P04\20260725\G2_P04_20260725_impA_004.mp4,1280,720,24.0,87,90,720,1280,
videos\G2\P04\20260725\G2_P04_20260725_impA_005.mp4,1280,720,24.0,89,90,720,1280,
videos\G2\P04\20260725\G2_P04_20260725_impA_006.mp4,1280,720,24.0,86,90,720,1280,
videos\G2\P04\20260725\G2_P04_20260725_impA_007.mp4,1280,720,24.0,87,90,720,1280,
videos\G2\P04\20260725\G2_P04_20260725_impA_008.mp4,1280,720,24.0,87,90,720,1280,
videos\G2\P04\20260725\G2_P04_20260725_impA_009.mp4,1280,720,24.0,89,90,720,1280,
videos\G2\P04\20260725\G2_P04_20260725_impA_010.mp4,1280,720,24.0,86,90,720,1280,
videos\G2\P04\20260730\G2_P04_20260730_impA_001.mp4,1920,1080,30.0,106,90,1080,1920,
videos\G2\P04\20260730\G2_P04_20260730_impA_002.mp4,1920,1080,30.0,90,90,1080,1920,
videos\G2\P04\20260802\G2_P04_20260802_impA_001.mp4,1920,1080,30.0,101,90,1080,1920,
videos\G2\P04\20260802\G2_P04_20260802_impA_002.mp4,1920,1080,30.0,107,90,1080,1920,
videos\G2\P04\20260803\G2_P04_20260803_impA_001.mp4,1920,1080,30.0,109,90,1080,1920,
videos\G2\P04\20260803\G2_P04_20260803_impA_002.mp4,1920,1080,30.0,105,90,1080,1920,
videos\G2\P04\20260804\G2_P04_20260804_impA_001.mp4,1920,1080,30.0,111,90,1080,1920,
videos\G2\P04\20260804\G2_P04_20260804_impA_002.mp4,1920,1080,30.0,107,90,1080,1920,
videos\G2\P04\20260805\G2_P04_20260805_impA_001.mp4,1920,1080,30.0,107,90,1080,1920,
videos\G2\P04\20260805\G2_P04_20260805_impA_002.mp4,1920,1080,30.0,86,90,1080,1920,
videos\G2\P05\20260725\G2_P05_20260725_impA_001.mp4,1920,1080,30.0,113,-90,1080,1920,
videos\G2\P05\20260725\G2_P05_20260725_impA_002.mp4,1920,1080,30.0,148,-90,1080,1920,
videos\G2\P05\20260725\G2_P05_20260725_impA_003.mp4,1920,1080,30.0,142,-90,1080,1920,
videos\G2\P05\20260725\G2_P05_20260725_impA_004.mp4,1920,1080,30.0,150,-90,1080,1920,
videos\G2\P05\20260725\G2_P05_20260725_impA_005.mp4,1920,1080,30.0,120,-90,1080,1920,
videos\G2\P05\20260725\G2_P05_20260725_impA_006.mp4,1920,1080,30.0,159,-90,1080,1920,
videos\G2\P05\20260725\G2_P05_20260725_impA_007.mp4,1920,1080,30.0,151,-90,1080,1920,
videos\G2\P05\20260725\G2_P05_20260725_impA_008.mp4,1920,1080,30.0,163,-90,1080,1920,
videos\G2\P05\20260725\G2_P05_20260725_impA_009.mp4,1920,1080,30.0,141,-90,1080,1920,
videos\G2\P05\20260725\G2_P05_20260725_impA_010.mp4,1920,1080,30.0,146,-90,1080,1920,
videos\G2\P05\20260731\G2_P05_20260731_impA_001.mp4,1920,1080,30.0,133,-90,1080,1920,
videos\G2\P05\20260731\G2_P05_20260731_impA_002.mp4,1920,1080,30.0,126,-90,1080,1920,
videos\G2\P05\20260801\G2_P05_20260801_impA_001.mp4,1920,1080,30.0,151,-90,1080,1920,
videos\G2\P05\20260801\G2_P05_20260801_impA_002.mp4,1920,1080,30.0,157,-90,1080,1920,
videos\G2\P05\20260802\G2_P05_20260802_impA_001.mp4,1920,1080,30.0,157,-90,1080,1920,
videos\G2\P05\20260802\G2_P05_20260802_impA_002.mp4,1920,1080,30.0,168,-90,1080,1920,
videos\G2\P05\20260803\G2_P05_20260803_impA_001.mp4,1920,1080,30.0,149,-90,1080,1920,
videos\G2\P05\20260803\G2_P05_20260803_impA_002.mp4,1920,1080,30.0,137,-90,1080,1920,
videos\G2\P05\20260804\G2_P05_20260804_impA_001.mp4,1920,1080,30.0,144,-90,1080,1920,
videos\G2\P05\20260804\G2_P05_20260804_impA_002.mp4,1920,1080,30.0,129,-90,1080,1920,
videos\G2\P06\20260725\G2_P06_20260725_impA_001.mp4,1920,1080,29.959,94,0,1920,1080,
videos\G2\P06\20260725\G2_P06_20260725_impA_002.mp4,1080,1920,29.959,99,0,1080,1920,
videos\G2\P06\20260725\G2_P06_20260725_impA_003.mp4,1080,1920,29.959,90,0,1080,1920,
videos\G2\P06\20260725\G2_P06_20260725_impA_004.mp4,1080,1920,29.942,96,0,1080,1920,
videos\G2\P06\20260725\G2_P06_20260725_impA_005.mp4,1080,1920,29.959,91,0,1080,1920,
videos\G2\P06\20260725\G2_P06_20260725_impA_006.mp4,1920,1080,29.851,69,0,1920,1080,
videos\G2\P06\20260725\G2_P06_20260725_impA_007.mp4,1080,1920,29.959,84,0,1080,1920,
videos\G2\P06\20260725\G2_P06_20260725_impA_008.mp4,1080,1920,29.958,91,0,1080,1920,
videos\G2\P06\20260725\G2_P06_20260725_impA_009.mp4,1080,1920,29.958,87,0,1080,1920,
videos\G2\P06\20260725\G2_P06_20260725_impA_010.mp4,1080,1920,29.852,70,0,1080,1920,
videos\G3\P01\20260725\G3_P01_20260725_impA_001.mp4,1920,1080,29.93,132,90,1080,1920,
videos\G3\P01\20260725\G3_P01_20260725_impA_002.mp4,1920,1080,29.848,154,90,1080,1920,
videos\G3\P01\20260725\G3_P01_20260725_impA_003.mp4,1920,1080,30.236,129,90,1080,1920,
videos\G3\P01\20260725\G3_P01_20260725_impA_004.mp4,1920,1080,30.006,118,90,1080,1920,
videos\G3\P01\20260725\G3_P01_20260725_impA_005.mp4,1920,1080,29.769,102,90,1080,1920,
videos\G3\P01\20260725\G3_P01_20260725_impA_006.mp4,1920,1080,29.85,119,90,1080,1920,
videos\G3\P01\20260725\G3_P01_20260725_impA_007.mp4,1920,1080,30.004,107,90,1080,1920,
videos\G3\P01\20260725\G3_P01_20260725_impA_008.mp4,1920,1080,26.31,117,90,1080,1920,
videos\G3\P01\20260725\G3_P01_20260725_impA_009.mp4,1920,1080,30.235,77,90,1080,1920,
videos\G3\P01\20260725\G3_P01_20260725_impA_010.mp4,1920,1080,29.802,103,90,1080,1920,
videos\G3\P01\20260730\G3_P01_20260730_impA_001.mp4,1920,1080,30.008,78,90,1080,1920,
videos\G3\P01\20260730\G3_P01_20260730_impA_002.mp4,1920,1080,30.232,85,90,1080,1920,
videos\G3\P01\20260802\G3_P01_20260802_impA_001.mp4,1920,1080,30.148,85,90,1080,1920,
videos\G3\P01\20260802\G3_P01_20260802_impA_002.mp4,1920,1080,30.221,121,90,1080,1920,
videos\G3\P01\20260803\G3_P01_20260803_impA_001.mp4,1920,1080,29.78,92,90,1080,1920,
videos\G3\P01\20260803\G3_P01_20260803_impA_002.mp4,1920,1080,30.241,105,90,1080,1920,
videos\G3\P01\20260804\G3_P01_20260804_impA_001.mp4,1920,1080,29.977,91,90,1080,1920,
videos\G3\P01\20260804\G3_P01_20260804_impA_002.mp4,1920,1080,29.799,110,90,1080,1920,
videos\G3\P01\20260805\G3_P01_20260805_impA_001.mp4,1920,1080,29.901,103,90,1080,1920,
videos\G3\P01\20260805\G3_P01_20260805_impA_002.mp4,1920,1080,29.847,82,90,1080,1920,
videos\G3\P02\20260725\G3_P02_20260725_impA_001.mp4,1920,1080,30.004,67,90,1080,1920,
videos\G3\P02\20260725\G3_P02_20260725_impA_002.mp4,1920,1080,29.91,72,90,1080,1920,
videos\G3\P02\20260725\G3_P02_20260725_impA_003.mp4,1920,1080,29.997,71,90,1080,1920,
videos\G3\P02\20260725\G3_P02_20260725_impA_004.mp4,1920,1080,29.977,86,90,1080,1920,
videos\G3\P02\20260725\G3_P02_20260725_impA_005.mp4,1920,1080,30.004,83,90,1080,1920,
videos\G3\P02\20260725\G3_P02_20260725_impA_006.mp4,1920,1080,29.857,64,90,1080,1920,
videos\G3\P02\20260725\G3_P02_20260725_impA_007.mp4,1920,1080,29.739,75,90,1080,1920,
videos\G3\P02\20260725\G3_P02_20260725_impA_008.mp4,1920,1080,30.004,91,90,1080,1920,
videos\G3\P02\20260725\G3_P02_20260725_impA_009.mp4,1920,1080,29.786,87,90,1080,1920,
videos\G3\P02\20260725\G3_P02_20260725_impA_010.mp4,1920,1080,29.757,90,90,1080,1920,
videos\G3\P02\20260729\G3_P02_20260729_impA_001.mp4,1920,1080,29.786,84,90,1080,1920,
videos\G3\P02\20260729\G3_P02_20260729_impA_002.mp4,1920,1080,30.394,77,90,1080,1920,
videos\G3\P02\20260731\G3_P02_20260731_impA_001.mp4,1920,1080,30.211,89,90,1080,1920,
videos\G3\P02\20260731\G3_P02_20260731_impA_002.mp4,1920,1080,29.858,80,90,1080,1920,
videos\G3\P02\20260801\G3_P02_20260801_impA_001.mp4,1920,1080,29.971,92,90,1080,1920,
videos\G3\P02\20260801\G3_P02_20260801_impA_002.mp4,1920,1080,29.903,92,90,1080,1920,
videos\G3\P02\20260802\G3_P02_20260802_impA_001.mp4,1920,1080,30.056,85,90,1080,1920,
videos\G3\P02\20260802\G3_P02_20260802_impA_002.mp4,1920,1080,30.004,88,90,1080,1920,
videos\G3\P02\20260803\G3_P02_20260803_impA_001.mp4,1920,1080,29.866,80,90,1080,1920,
videos\G3\P02\20260803\G3_P02_20260803_impA_002.mp4,1920,1080,30.184,85,90,1080,1920,
videos\G3\P02\20260804\G3_P02_20260804_impA_001.mp4,1920,1080,29.975,79,90,1080,1920,
videos\G3\P02\20260804\G3_P02_20260804_impA_002.mp4,1920,1080,30.144,77,90,1080,1920,
videos\G3\P03\20260725\G3_P03_20260725_own_001.mp4,1920,1080,29.817,125,90,1080,1920,
videos\G3\P03\20260725\G3_P03_20260725_own_002.mp4,1920,1080,30.006,120,90,1080,1920,
videos\G3\P03\20260725\G3_P03_20260725_own_003.mp4,1920,1080,29.94,126,90,1080,1920,
videos\G3\P03\20260725\G3_P03_20260725_own_004.mp4,1920,1080,29.888,113,90,1080,1920,
videos\G3\P03\20260725\G3_P03_20260725_own_005.mp4,1920,1080,29.971,117,90,1080,1920,
videos\G3\P03\20260725\G3_P03_20260725_own_006.mp4,1920,1080,29.852,100,90,1080,1920,
videos\G3\P03\20260725\G3_P03_20260725_own_007.mp4,1920,1080,29.899,117,90,1080,1920,
videos\G3\P03\20260725\G3_P03_20260725_own_008.mp4,1920,1080,29.899,117,90,1080,1920,
videos\G3\P03\20260725\G3_P03_20260725_own_009.mp4,1920,1080,30.006,114,90,1080,1920,
videos\G3\P03\20260725\G3_P03_20260725_own_010.mp4,1920,1080,29.819,120,90,1080,1920,
videos\G3\P03\20260725\G3_P03_20260725_own_011.mp4,1920,1080,29.857,107,90,1080,1920,
videos\G3\P03\20260725\G3_P03_20260725_own_012.mp4,1920,1080,29.941,118,90,1080,1920,
videos\G3\P03\20260725\G3_P03_20260725_own_013.mp4,1920,1080,29.939,121,90,1080,1920,
videos\G3\P03\20260725\G3_P03_20260725_own_014.mp4,1920,1080,29.977,113,90,1080,1920,
videos\G3\P03\20260725\G3_P03_20260725_own_015.mp4,1920,1080,29.844,102,90,1080,1920,
videos\G3\P03\20260803\G3_P03_20260803_own_004.mp4,1920,1080,29.945,100,90,1080,1920,
videos\G3\P03\20260803\G3_P03_20260803_own_007.mp4,1920,1080,29.993,92,90,1080,1920,
videos\G3\P03\20260803\G3_P03_20260803_own_011.mp4,1920,1080,29.875,101,90,1080,1920,
videos\G3\P03\20260803\G3_P03_20260803_own_012.mp4,1920,1080,30.006,111,90,1080,1920,
videos\G3\P03\20260803\G3_P03_20260803_own_014.mp4,1920,1080,29.73,99,90,1080,1920,
videos\G3\P03\20260804\G3_P03_20260804_own_001.mp4,1920,1080,29.886,110,90,1080,1920,
videos\G3\P03\20260804\G3_P03_20260804_own_002.mp4,1920,1080,29.777,114,90,1080,1920,
videos\G3\P03\20260804\G3_P03_20260804_own_003.mp4,1920,1080,29.765,108,90,1080,1920,
videos\G3\P03\20260804\G3_P03_20260804_own_004.mp4,1920,1080,29.869,105,90,1080,1920,
videos\G3\P03\20260804\G3_P03_20260804_own_005.mp4,1920,1080,29.951,111,90,1080,1920,
videos\G3\P03\20260805\G3_P03_20260805_own_001.mp4,1920,1080,29.906,84,90,1080,1920,
videos\G3\P03\20260805\G3_P03_20260805_own_002.mp4,1920,1080,29.767,107,90,1080,1920,
videos\G3\P03\20260805\G3_P03_20260805_own_003.mp4,1920,1080,29.81,106,90,1080,1920,
videos\G3\P03\20260805\G3_P03_20260805_own_004.mp4,1920,1080,29.891,111,90,1080,1920,
videos\G3\P03\20260805\G3_P03_20260805_own_005.mp4,1920,1080,30.006,99,90,1080,1920,
videos\G3\P03\20260805\G3_P03_20260805_own_006.mp4,1920,1080,29.419,95,90,1080,1920,
videos\G3\P03\20260805\G3_P03_20260805_own_007.mp4,1920,1080,29.86,106,90,1080,1920,
videos\G3\P03\20260805\G3_P03_20260805_own_008.mp4,1920,1080,30.006,87,90,1080,1920,
videos\G3\P03\20260805\G3_P03_20260805_own_009.mp4,1920,1080,30.006,107,90,1080,1920,
videos\G3\P03\20260805\G3_P03_20260805_own_010.mp4,1920,1080,30.006,117,90,1080,1920,
videos\G3\P04\20260725\G3_P04_20260725_impA_001.mp4,1280,720,24.0,90,90,720,1280,
videos\G3\P04\20260725\G3_P04_20260725_impA_002.mp4,1280,720,24.0,92,90,720,1280,
videos\G3\P04\20260725\G3_P04_20260725_impA_003.mp4,1280,720,24.0,92,90,720,1280,
videos\G3\P04\20260725\G3_P04_20260725_impA_004.mp4,1280,720,24.0,87,90,720,1280,
videos\G3\P04\20260725\G3_P04_20260725_impA_005.mp4,1280,720,24.0,90,90,720,1280,
videos\G3\P04\20260725\G3_P04_20260725_impA_006.mp4,1280,720,24.0,96,90,720,1280,
videos\G3\P04\20260725\G3_P04_20260725_impA_007.mp4,1280,720,24.0,93,90,720,1280,
videos\G3\P04\20260725\G3_P04_20260725_impA_008.mp4,1280,720,24.0,89,90,720,1280,
videos\G3\P04\20260725\G3_P04_20260725_impA_009.mp4,1280,720,24.0,94,90,720,1280,
videos\G3\P04\20260725\G3_P04_20260725_impA_010.mp4,1280,720,24.0,89,90,720,1280,
videos\G3\P04\20260730\G3_P04_20260730_impA_001.mp4,1920,1080,30.0,121,90,1080,1920,
videos\G3\P04\20260730\G3_P04_20260730_impA_002.mp4,1920,1080,30.0,109,90,1080,1920,
videos\G3\P04\20260802\G3_P04_20260802_impA_001.mp4,1920,1080,30.0,109,90,1080,1920,
videos\G3\P04\20260802\G3_P04_20260802_impA_002.mp4,1920,1080,30.0,106,90,1080,1920,
videos\G3\P04\20260803\G3_P04_20260803_impA_001.mp4,1920,1080,30.0,107,90,1080,1920,
videos\G3\P04\20260803\G3_P04_20260803_impA_002.mp4,1920,1080,30.0,107,90,1080,1920,
videos\G3\P04\20260804\G3_P04_20260804_impA_001.mp4,1920,1080,30.0,109,90,1080,1920,
videos\G3\P04\20260804\G3_P04_20260804_impA_002.mp4,1920,1080,30.0,109,90,1080,1920,
videos\G3\P04\20260805\G3_P04_20260805_impA_001.mp4,1920,1080,30.0,118,90,1080,1920,
videos\G3\P04\20260805\G3_P04_20260805_impA_002.mp4,1920,1080,30.0,111,90,1080,1920,
videos\G3\P05\20260725\G3_P05_20260725_impA_001.mp4,1920,1080,30.0,148,-90,1080,1920,
videos\G3\P05\20260725\G3_P05_20260725_impA_002.mp4,1920,1080,30.0,155,-90,1080,1920,
videos\G3\P05\20260725\G3_P05_20260725_impA_003.mp4,1920,1080,30.0,168,-90,1080,1920,
videos\G3\P05\20260725\G3_P05_20260725_impA_004.mp4,1920,1080,30.0,169,-90,1080,1920,
videos\G3\P05\20260725\G3_P05_20260725_impA_005.mp4,1920,1080,30.0,178,-90,1080,1920,
videos\G3\P05\20260725\G3_P05_20260725_impA_006.mp4,1920,1080,30.0,180,-90,1080,1920,
videos\G3\P05\20260725\G3_P05_20260725_impA_007.mp4,1920,1080,30.0,163,-90,1080,1920,
videos\G3\P05\20260725\G3_P05_20260725_impA_008.mp4,1920,1080,30.0,146,-90,1080,1920,
videos\G3\P05\20260725\G3_P05_20260725_impA_009.mp4,1920,1080,30.0,153,-90,1080,1920,
videos\G3\P05\20260725\G3_P05_20260725_impA_010.mp4,1920,1080,30.0,169,-90,1080,1920,
videos\G3\P05\20260731\G3_P05_20260731_impA_001.mp4,1920,1080,30.0,170,-90,1080,1920,
videos\G3\P05\20260731\G3_P05_20260731_impA_002.mp4,1920,1080,30.0,163,-90,1080,1920,
videos\G3\P05\20260801\G3_P05_20260801_impA_001.mp4,1920,1080,30.0,194,-90,1080,1920,
videos\G3\P05\20260801\G3_P05_20260801_impA_002.mp4,1920,1080,30.0,178,-90,1080,1920,
videos\G3\P05\20260802\G3_P05_20260802_impA_001.mp4,1920,1080,30.0,197,-90,1080,1920,
videos\G3\P05\20260802\G3_P05_20260802_impA_002.mp4,1920,1080,30.0,202,-90,1080,1920,
videos\G3\P05\20260803\G3_P05_20260803_impA_001.mp4,1920,1080,30.0,199,-90,1080,1920,
videos\G3\P05\20260803\G3_P05_20260803_impA_002.mp4,1920,1080,30.0,198,-90,1080,1920,
videos\G3\P05\20260804\G3_P05_20260804_impA_001.mp4,1920,1080,30.0,155,-90,1080,1920,
videos\G3\P05\20260804\G3_P05_20260804_impA_002.mp4,1920,1080,30.0,185,-90,1080,1920,
videos\G3\P06\20260725\G3_P06_20260725_impA_001.mp4,1080,1920,29.959,95,0,1080,1920,
videos\G3\P06\20260725\G3_P06_20260725_impA_002.mp4,1080,1920,29.959,95,0,1080,1920,
videos\G3\P06\20260725\G3_P06_20260725_impA_003.mp4,1080,1920,29.959,95,0,1080,1920,
videos\G3\P06\20260725\G3_P06_20260725_impA_004.mp4,1080,1920,29.956,89,0,1080,1920,
videos\G3\P06\20260725\G3_P06_20260725_impA_005.mp4,1080,1920,29.959,105,0,1080,1920,
videos\G3\P06\20260725\G3_P06_20260725_impA_006.mp4,1080,1920,30.0,101,0,1080,1920,
videos\G3\P06\20260725\G3_P06_20260725_impA_007.mp4,1080,1920,29.959,85,0,1080,1920,
videos\G3\P06\20260725\G3_P06_20260725_impA_008.mp4,1080,1920,29.881,96,0,1080,1920,
videos\G3\P06\20260725\G3_P06_20260725_impA_009.mp4,1080,1920,29.894,115,0,1080,1920,
videos\G3\P06\20260725\G3_P06_20260725_impA_010.mp4,1080,1920,29.959,94,0,1080,1920,
videos\G4\P01\20260725\G4_P01_20260725_impA_001.mp4,1920,1080,26.034,63,90,1080,1920,
videos\G4\P01\20260725\G4_P01_20260725_impA_002.mp4,1920,1080,29.941,80,90,1080,1920,
videos\G4\P01\20260725\G4_P01_20260725_impA_003.mp4,1920,1080,23.8,55,90,1080,1920,
videos\G4\P01\20260725\G4_P01_20260725_impA_004.mp4,1920,1080,29.944,90,90,1080,1920,
videos\G4\P01\20260725\G4_P01_20260725_impA_005.mp4,1920,1080,29.813,79,90,1080,1920,
videos\G4\P01\20260725\G4_P01_20260725_impA_006.mp4,1920,1080,30.263,93,90,1080,1920,
videos\G4\P01\20260725\G4_P01_20260725_impA_007.mp4,1920,1080,29.941,71,90,1080,1920,
videos\G4\P01\20260725\G4_P01_20260725_impA_008.mp4,1920,1080,29.604,68,90,1080,1920,
videos\G4\P01\20260725\G4_P01_20260725_impA_009.mp4,1920,1080,29.867,79,90,1080,1920,
videos\G4\P01\20260725\G4_P01_20260725_impA_010.mp4,1920,1080,30.082,57,90,1080,1920,
videos\G4\P01\20260730\G4_P01_20260730_impA_001.mp4,1920,1080,29.666,52,90,1080,1920,
videos\G4\P01\20260730\G4_P01_20260730_impA_002.mp4,1920,1080,30.438,65,90,1080,1920,
videos\G4\P01\20260802\G4_P01_20260802_impA_001.mp4,1920,1080,29.54,58,90,1080,1920,
videos\G4\P01\20260802\G4_P01_20260802_impA_002.mp4,1920,1080,30.004,63,90,1080,1920,
videos\G4\P01\20260803\G4_P01_20260803_impA_001.mp4,1920,1080,29.82,58,90,1080,1920,
videos\G4\P01\20260803\G4_P01_20260803_impA_002.mp4,1920,1080,30.004,64,90,1080,1920,
videos\G4\P01\20260804\G4_P01_20260804_impA_001.mp4,1920,1080,29.833,59,90,1080,1920,
videos\G4\P01\20260804\G4_P01_20260804_impA_002.mp4,1920,1080,29.847,56,90,1080,1920,
videos\G4\P01\20260805\G4_P01_20260805_impA_001.mp4,1920,1080,29.912,55,90,1080,1920,
videos\G4\P01\20260805\G4_P01_20260805_impA_002.mp4,1920,1080,29.81,64,90,1080,1920,
videos\G4\P02\20260725\G4_P02_20260725_impA_001.mp4,1920,1080,29.72,63,90,1080,1920,
videos\G4\P02\20260725\G4_P02_20260725_impA_002.mp4,1920,1080,29.688,47,90,1080,1920,
videos\G4\P02\20260725\G4_P02_20260725_impA_003.mp4,1920,1080,29.632,59,90,1080,1920,
videos\G4\P02\20260725\G4_P02_20260725_impA_004.mp4,1920,1080,30.004,64,90,1080,1920,
videos\G4\P02\20260725\G4_P02_20260725_impA_005.mp4,1920,1080,29.604,48,90,1080,1920,
videos\G4\P02\20260725\G4_P02_20260725_impA_006.mp4,1920,1080,27.288,53,90,1080,1920,
videos\G4\P02\20260725\G4_P02_20260725_impA_007.mp4,1920,1080,30.059,45,90,1080,1920,
videos\G4\P02\20260725\G4_P02_20260725_impA_008.mp4,1920,1080,29.655,50,90,1080,1920,
videos\G4\P02\20260725\G4_P02_20260725_impA_009.mp4,1920,1080,29.815,78,90,1080,1920,
videos\G4\P02\20260725\G4_P02_20260725_impA_010.mp4,1920,1080,29.964,55,90,1080,1920,
videos\G4\P02\20260729\G4_P02_20260729_impA_001.mp4,1920,1080,29.702,59,90,1080,1920,
videos\G4\P02\20260729\G4_P02_20260729_impA_002.mp4,1920,1080,29.672,51,90,1080,1920,
videos\G4\P02\20260731\G4_P02_20260731_impA_001.mp4,1920,1080,29.514,60,90,1080,1920,
videos\G4\P02\20260731\G4_P02_20260731_impA_002.mp4,1920,1080,25.002,52,90,1080,1920,
videos\G4\P02\20260801\G4_P02_20260801_impA_001.mp4,1920,1080,29.658,58,90,1080,1920,
videos\G4\P02\20260801\G4_P02_20260801_impA_002.mp4,1920,1080,30.009,50,90,1080,1920,
videos\G4\P02\20260802\G4_P02_20260802_impA_001.mp4,1920,1080,29.98,66,90,1080,1920,
videos\G4\P02\20260802\G4_P02_20260802_impA_002.mp4,1920,1080,29.348,52,90,1080,1920,
videos\G4\P02\20260803\G4_P02_20260803_impA_001.mp4,1920,1080,29.974,59,90,1080,1920,
videos\G4\P02\20260803\G4_P02_20260803_impA_002.mp4,1920,1080,29.835,47,90,1080,1920,
videos\G4\P02\20260804\G4_P02_20260804_impA_001.mp4,1920,1080,29.139,47,90,1080,1920,
videos\G4\P02\20260804\G4_P02_20260804_impA_002.mp4,1920,1080,29.876,56,90,1080,1920,
videos\G4\P03\20260725\G4_P03_20260725_impA_001.mp4,1920,1080,29.715,84,90,1080,1920,
videos\G4\P03\20260725\G4_P03_20260725_impA_002.mp4,1920,1080,30.006,112,90,1080,1920,
videos\G4\P03\20260725\G4_P03_20260725_impA_003.mp4,1920,1080,30.006,108,90,1080,1920,
videos\G4\P03\20260725\G4_P03_20260725_impA_004.mp4,1920,1080,29.798,99,90,1080,1920,
videos\G4\P03\20260725\G4_P03_20260725_impA_005.mp4,1920,1080,30.006,119,90,1080,1920,
videos\G4\P03\20260725\G4_P03_20260725_impA_006.mp4,1920,1080,29.905,88,90,1080,1920,
videos\G4\P03\20260725\G4_P03_20260725_impA_007.mp4,1920,1080,29.784,105,90,1080,1920,
videos\G4\P03\20260725\G4_P03_20260725_impA_008.mp4,1920,1080,29.873,115,90,1080,1920,
videos\G4\P03\20260725\G4_P03_20260725_impA_009.mp4,1920,1080,29.903,96,90,1080,1920,
videos\G4\P03\20260725\G4_P03_20260725_impA_010.mp4,1920,1080,29.81,121,90,1080,1920,
videos\G4\P03\20260803\G4_P03_20260803_impA_001.mp4,1920,1080,29.981,105,90,1080,1920,
videos\G4\P03\20260803\G4_P03_20260803_impA_002.mp4,1920,1080,29.93,84,90,1080,1920,
videos\G4\P03\20260804\G4_P03_20260804_impA_001.mp4,1920,1080,29.969,93,90,1080,1920,
videos\G4\P03\20260804\G4_P03_20260804_impA_002.mp4,1920,1080,30.006,87,90,1080,1920,
videos\G4\P03\20260805\G4_P03_20260805_impA_001.mp4,1920,1080,29.796,94,90,1080,1920,
videos\G4\P03\20260805\G4_P03_20260805_impA_002.mp4,1920,1080,29.923,97,90,1080,1920,
videos\G4\P03\20260805\G4_P03_20260805_impA_003.mp4,1920,1080,30.006,72,90,1080,1920,
videos\G4\P03\20260805\G4_P03_20260805_impA_004.mp4,1920,1080,30.006,86,90,1080,1920,
videos\G4\P04\20260725\G4_P04_20260725_own_001.mp4,1280,720,24.0,92,90,720,1280,
videos\G4\P04\20260725\G4_P04_20260725_own_002.mp4,1280,720,24.0,86,90,720,1280,
videos\G4\P04\20260725\G4_P04_20260725_own_003.mp4,1280,720,24.0,93,90,720,1280,
videos\G4\P04\20260725\G4_P04_20260725_own_004.mp4,1280,720,24.0,88,90,720,1280,
videos\G4\P04\20260725\G4_P04_20260725_own_005.mp4,1280,720,24.0,84,90,720,1280,
videos\G4\P04\20260725\G4_P04_20260725_own_006.mp4,1280,720,24.0,90,90,720,1280,
videos\G4\P04\20260725\G4_P04_20260725_own_007.mp4,1280,720,24.0,88,90,720,1280,
videos\G4\P04\20260725\G4_P04_20260725_own_008.mp4,1280,720,24.0,88,90,720,1280,
videos\G4\P04\20260725\G4_P04_20260725_own_009.mp4,1280,720,24.0,91,90,720,1280,
videos\G4\P04\20260725\G4_P04_20260725_own_010.mp4,1280,720,24.0,85,90,720,1280,
videos\G4\P04\20260725\G4_P04_20260725_own_011.mp4,1280,720,24.0,89,90,720,1280,
videos\G4\P04\20260725\G4_P04_20260725_own_012.mp4,1280,720,24.0,102,90,720,1280,
videos\G4\P04\20260725\G4_P04_20260725_own_013.mp4,1280,720,24.0,92,90,720,1280,
videos\G4\P04\20260725\G4_P04_20260725_own_014.mp4,1280,720,24.0,92,90,720,1280,
videos\G4\P04\20260725\G4_P04_20260725_own_015.mp4,1280,720,24.0,89,90,720,1280,
videos\G4\P04\20260730\G4_P04_20260730_own_001.mp4,1920,1080,30.0,124,90,1080,1920,
videos\G4\P04\20260730\G4_P04_20260730_own_002.mp4,1920,1080,30.0,104,90,1080,1920,
videos\G4\P04\20260730\G4_P04_20260730_own_003.mp4,1920,1080,30.0,103,90,1080,1920,
videos\G4\P04\20260730\G4_P04_20260730_own_004.mp4,1920,1080,30.0,94,90,1080,1920,
videos\G4\P04\20260730\G4_P04_20260730_own_005.mp4,1920,1080,30.0,104,90,1080,1920,
videos\G4\P04\20260802\G4_P04_20260802_own_001.mp4,1920,1080,30.0,106,90,1080,1920,
videos\G4\P04\20260802\G4_P04_20260802_own_002.mp4,1920,1080,30.0,105,90,1080,1920,
videos\G4\P04\20260802\G4_P04_20260802_own_003.mp4,1920,1080,30.0,104,90,1080,1920,
videos\G4\P04\20260802\G4_P04_20260802_own_004.mp4,1920,1080,30.0,103,90,1080,1920,
videos\G4\P04\20260802\G4_P04_20260802_own_005.mp4,1920,1080,30.0,111,90,1080,1920,
videos\G4\P04\20260803\G4_P04_20260803_own_001.mp4,1920,1080,30.0,98,90,1080,1920,
videos\G4\P04\20260803\G4_P04_20260803_own_002.mp4,1920,1080,30.0,100,90,1080,1920,
videos\G4\P04\20260803\G4_P04_20260803_own_003.mp4,1920,1080,30.0,108,90,1080,1920,
videos\G4\P04\20260803\G4_P04_20260803_own_004.mp4,1920,1080,30.0,101,90,1080,1920,
videos\G4\P04\20260803\G4_P04_20260803_own_005.mp4,1920,1080,30.0,105,90,1080,1920,
videos\G4\P04\20260804\G4_P04_20260804_own_001.mp4,1920,1080,30.0,108,90,1080,1920,
videos\G4\P04\20260804\G4_P04_20260804_own_002.mp4,1920,1080,30.0,113,90,1080,1920,
videos\G4\P04\20260804\G4_P04_20260804_own_003.mp4,1920,1080,30.0,107,90,1080,1920,
videos\G4\P04\20260804\G4_P04_20260804_own_004.mp4,1920,1080,30.0,112,90,1080,1920,
videos\G4\P04\20260804\G4_P04_20260804_own_005.mp4,1920,1080,30.0,92,90,1080,1920,
videos\G4\P04\20260805\G4_P04_20260805_own_001.mp4,1920,1080,30.0,106,90,1080,1920,
videos\G4\P04\20260805\G4_P04_20260805_own_002.mp4,1920,1080,30.0,105,90,1080,1920,
videos\G4\P04\20260805\G4_P04_20260805_own_003.mp4,1920,1080,30.0,106,90,1080,1920,
videos\G4\P04\20260805\G4_P04_20260805_own_004.mp4,1920,1080,30.0,103,90,1080,1920,
videos\G4\P04\20260805\G4_P04_20260805_own_005.mp4,1920,1080,30.0,108,90,1080,1920,
videos\G4\P05\20260725\G4_P05_20260725_impA_001.mp4,1920,1080,30.0,104,-90,1080,1920,
videos\G4\P05\20260725\G4_P05_20260725_impA_002.mp4,1920,1080,30.0,103,-90,1080,1920,
videos\G4\P05\20260725\G4_P05_20260725_impA_003.mp4,1920,1080,30.0,104,-90,1080,1920,
videos\G4\P05\20260725\G4_P05_20260725_impA_004.mp4,1920,1080,30.0,96,-90,1080,1920,
videos\G4\P05\20260725\G4_P05_20260725_impA_005.mp4,1920,1080,30.0,117,-90,1080,1920,
videos\G4\P05\20260725\G4_P05_20260725_impA_006.mp4,1920,1080,30.0,109,-90,1080,1920,
videos\G4\P05\20260725\G4_P05_20260725_impA_007.mp4,1920,1080,30.0,103,-90,1080,1920,
videos\G4\P05\20260725\G4_P05_20260725_impA_008.mp4,1920,1080,30.0,114,-90,1080,1920,
videos\G4\P05\20260725\G4_P05_20260725_impA_009.mp4,1920,1080,30.0,115,-90,1080,1920,
videos\G4\P05\20260725\G4_P05_20260725_impA_010.mp4,1920,1080,30.0,122,-90,1080,1920,
videos\G4\P05\20260731\G4_P05_20260731_impA_001.mp4,1920,1080,30.0,126,-90,1080,1920,
videos\G4\P05\20260731\G4_P05_20260731_impA_002.mp4,1920,1080,30.0,117,-90,1080,1920,
videos\G4\P05\20260801\G4_P05_20260801_impA_001.mp4,1920,1080,30.0,131,-90,1080,1920,
videos\G4\P05\20260801\G4_P05_20260801_impA_002.mp4,1920,1080,30.0,122,-90,1080,1920,
videos\G4\P05\20260802\G4_P05_20260802_impA_001.mp4,1920,1080,30.0,125,-90,1080,1920,
videos\G4\P05\20260802\G4_P05_20260802_impA_002.mp4,1920,1080,30.0,136,-90,1080,1920,
videos\G4\P05\20260803\G4_P05_20260803_impA_001.mp4,1920,1080,30.0,133,-90,1080,1920,
videos\G4\P05\20260803\G4_P05_20260803_impA_002.mp4,1920,1080,30.0,185,-90,1080,1920,
videos\G4\P05\20260804\G4_P05_20260804_impA_001.mp4,1920,1080,30.0,140,-90,1080,1920,
videos\G4\P05\20260804\G4_P05_20260804_impA_002.mp4,1920,1080,30.0,158,-90,1080,1920,
videos\G4\P06\20260725\G4_P06_20260725_impA_001.mp4,1080,1920,29.959,86,0,1080,1920,
videos\G4\P06\20260725\G4_P06_20260725_impA_002.mp4,1080,1920,29.959,95,0,1080,1920,
videos\G4\P06\20260725\G4_P06_20260725_impA_003.mp4,1080,1920,29.869,83,0,1080,1920,
videos\G4\P06\20260725\G4_P06_20260725_impA_004.mp4,1080,1920,29.959,84,0,1080,1920,
videos\G4\P06\20260725\G4_P06_20260725_impA_005.mp4,1080,1920,29.959,68,0,1080,1920,
videos\G4\P06\20260725\G4_P06_20260725_impA_006.mp4,1080,1920,29.958,87,0,1080,1920,
videos\G4\P06\20260725\G4_P06_20260725_impA_007.mp4,1080,1920,29.959,81,0,1080,1920,
videos\G4\P06\20260725\G4_P06_20260725_impA_008.mp4,1080,1920,29.878,92,0,1080,1920,
videos\G4\P06\20260725\G4_P06_20260725_impA_009.mp4,1080,1920,29.96,71,0,1080,1920,
videos\G4\P06\20260725\G4_P06_20260725_impA_010.mp4,1080,1920,29.958,93,0,1080,1920,
videos\G5\P01\20260725\G5_P01_20260725_impA_001.mp4,1920,1080,29.646,55,90,1080,1920,
videos\G5\P01\20260725\G5_P01_20260725_impA_002.mp4,1920,1080,29.863,54,90,1080,1920,
videos\G5\P01\20260725\G5_P01_20260725_impA_003.mp4,1920,1080,30.375,81,90,1080,1920,
videos\G5\P01\20260725\G5_P01_20260725_impA_004.mp4,1920,1080,30.44,69,90,1080,1920,
videos\G5\P01\20260725\G5_P01_20260725_impA_005.mp4,1920,1080,29.959,58,90,1080,1920,
videos\G5\P01\20260725\G5_P01_20260725_impA_006.mp4,1920,1080,30.151,49,90,1080,1920,
videos\G5\P01\20260725\G5_P01_20260725_impA_007.mp4,1920,1080,29.85,48,90,1080,1920,
videos\G5\P01\20260725\G5_P01_20260725_impA_008.mp4,1920,1080,29.845,54,90,1080,1920,
videos\G5\P01\20260725\G5_P01_20260725_impA_009.mp4,1920,1080,29.756,62,90,1080,1920,
videos\G5\P01\20260730\G5_P01_20260730_impA_001.mp4,1920,1080,30.004,75,90,1080,1920,
videos\G5\P01\20260730\G5_P01_20260730_impA_002.mp4,1920,1080,30.237,77,90,1080,1920,
videos\G5\P01\20260802\G5_P01_20260802_impA_001.mp4,1920,1080,30.004,84,90,1080,1920,
videos\G5\P01\20260802\G5_P01_20260802_impA_002.mp4,1920,1080,29.961,66,90,1080,1920,
videos\G5\P01\20260803\G5_P01_20260803_impA_001.mp4,1920,1080,29.876,90,90,1080,1920,
videos\G5\P01\20260803\G5_P01_20260803_impA_002.mp4,1920,1080,30.174,73,90,1080,1920,
videos\G5\P01\20260804\G5_P01_20260804_impA_001.mp4,1920,1080,30.004,87,90,1080,1920,
videos\G5\P01\20260804\G5_P01_20260804_impA_002.mp4,1920,1080,30.341,89,90,1080,1920,
videos\G5\P01\20260805\G5_P01_20260805_impA_001.mp4,1920,1080,29.907,83,90,1080,1920,
videos\G5\P01\20260805\G5_P01_20260805_impA_002.mp4,1920,1080,30.152,81,90,1080,1920,
videos\G5\P02\20260729\G5_P02_20260729_impA_001.mp4,1920,1080,29.772,84,90,1080,1920,
videos\G5\P02\20260729\G5_P02_20260729_impA_002.mp4,1920,1080,30.004,92,90,1080,1920,
videos\G5\P02\20260731\G5_P02_20260731_impA_001.mp4,1920,1080,29.89,111,90,1080,1920,
videos\G5\P02\20260731\G5_P02_20260731_impA_002.mp4,1920,1080,30.005,113,90,1080,1920,
videos\G5\P02\20260801\G5_P02_20260801_impA_001.mp4,1920,1080,29.971,91,90,1080,1920,
videos\G5\P02\20260801\G5_P02_20260801_impA_002.mp4,1920,1080,29.741,95,90,1080,1920,
videos\G5\P02\20260802\G5_P02_20260802_impA_001.mp4,1920,1080,29.604,76,90,1080,1920,
videos\G5\P02\20260802\G5_P02_20260802_impA_002.mp4,1920,1080,30.461,69,90,1080,1920,
videos\G5\P02\20260803\G5_P02_20260803_impA_001.mp4,1920,1080,30.139,73,90,1080,1920,
videos\G5\P02\20260803\G5_P02_20260803_impA_002.mp4,1920,1080,29.841,80,90,1080,1920,
videos\G5\P02\20260804\G5_P02_20260804_impA_001.mp4,1920,1080,29.729,92,90,1080,1920,
videos\G5\P02\20260804\G5_P02_20260804_impA_002.mp4,1920,1080,29.858,96,90,1080,1920,
videos\G5\P02\20260805\G5_P02_20260805_impA_001.mp4,1080,1920,30.021,91,0,1080,1920,
videos\G5\P02\20260805\G5_P02_20260805_impA_002.mp4,1080,1920,30.004,92,0,1080,1920,
videos\G5\P02\20260805\G5_P02_20260805_impA_003.mp4,1080,1920,30.004,89,0,1080,1920,
videos\G5\P02\20260805\G5_P02_20260805_impA_004.mp4,1080,1920,30.004,98,0,1080,1920,
videos\G5\P02\20260805\G5_P02_20260805_impA_005.mp4,1080,1920,30.004,82,0,1080,1920,
videos\G5\P02\20260805\G5_P02_20260805_impA_006.mp4,1080,1920,30.004,106,0,1080,1920,
videos\G5\P02\20260805\G5_P02_20260805_impA_007.mp4,1080,1920,30.004,81,0,1080,1920,
videos\G5\P02\20260805\G5_P02_20260805_impA_008.mp4,1080,1920,30.004,83,0,1080,1920,
videos\G5\P02\20260805\G5_P02_20260805_impA_009.mp4,1080,1920,30.004,89,0,1080,1920,
videos\G5\P02\20260805\G5_P02_20260805_impA_010.mp4,1080,1920,30.004,85,0,1080,1920,
videos\G5\P03\20260727\G5_P03_20260727_impA_001.mp4,1920,1080,30.006,102,90,1080,1920,
videos\G5\P03\20260727\G5_P03_20260727_impA_002.mp4,1920,1080,29.979,113,90,1080,1920,
videos\G5\P03\20260727\G5_P03_20260727_impA_003.mp4,1920,1080,29.879,103,90,1080,1920,
videos\G5\P03\20260727\G5_P03_20260727_impA_004.mp4,1920,1080,29.848,106,90,1080,1920,
videos\G5\P03\20260727\G5_P03_20260727_impA_005.mp4,1920,1080,29.821,98,90,1080,1920,
videos\G5\P03\20260727\G5_P03_20260727_impA_006.mp4,1920,1080,29.96,101,90,1080,1920,
videos\G5\P03\20260727\G5_P03_20260727_impA_007.mp4,1920,1080,29.898,96,90,1080,1920,
videos\G5\P03\20260727\G5_P03_20260727_impA_008.mp4,1920,1080,29.923,100,90,1080,1920,
videos\G5\P03\20260727\G5_P03_20260727_impA_009.mp4,1920,1080,30.006,118,90,1080,1920,
videos\G5\P03\20260727\G5_P03_20260727_impA_010.mp4,1920,1080,29.825,100,90,1080,1920,
videos\G5\P03\20260803\G5_P03_20260803_impA_004.mp4,1920,1080,29.916,104,90,1080,1920,
videos\G5\P03\20260803\G5_P03_20260803_impA_008.mp4,1920,1080,29.805,99,90,1080,1920,
videos\G5\P03\20260804\G5_P03_20260804_impA_001.mp4,1920,1080,29.728,91,90,1080,1920,
videos\G5\P03\20260804\G5_P03_20260804_impA_002.mp4,1920,1080,30.006,96,90,1080,1920,
videos\G5\P03\20260805\G5_P03_20260805_impA_001.mp4,1920,1080,30.006,94,90,1080,1920,
videos\G5\P03\20260805\G5_P03_20260805_impA_002.mp4,1920,1080,29.779,91,90,1080,1920,
videos\G5\P03\20260805\G5_P03_20260805_impA_003.mp4,1920,1080,29.928,72,90,1080,1920,
videos\G5\P03\20260805\G5_P03_20260805_impA_004.mp4,1920,1080,29.766,89,90,1080,1920,
videos\G5\P04\20260725\G5_P04_20260725_impA_001.mp4,1920,1080,30.0,109,90,1080,1920,
videos\G5\P04\20260725\G5_P04_20260725_impA_002.mp4,1920,1080,30.0,106,90,1080,1920,
videos\G5\P04\20260730\G5_P04_20260730_impA_001.mp4,1920,1080,30.0,110,90,1080,1920,
videos\G5\P04\20260730\G5_P04_20260730_impA_002.mp4,1920,1080,30.0,107,90,1080,1920,
videos\G5\P04\20260802\G5_P04_20260802_impA_001.mp4,1920,1080,30.0,82,90,1080,1920,
videos\G5\P04\20260802\G5_P04_20260802_impA_002.mp4,1920,1080,30.0,107,90,1080,1920,
videos\G5\P04\20260803\G5_P04_20260803_impA_001.mp4,1920,1080,30.0,120,90,1080,1920,
videos\G5\P04\20260803\G5_P04_20260803_impA_002.mp4,1920,1080,30.0,114,90,1080,1920,
videos\G5\P04\20260804\G5_P04_20260804_impA_001.mp4,1920,1080,30.0,111,90,1080,1920,
videos\G5\P04\20260804\G5_P04_20260804_impA_002.mp4,1920,1080,30.0,108,90,1080,1920,
videos\G5\P04\20260805\G5_P04_20260805_impA_001.mp4,1920,1080,30.0,109,90,1080,1920,
videos\G5\P04\20260805\G5_P04_20260805_impA_002.mp4,1920,1080,30.0,106,90,1080,1920,
videos\G5\P05\20260725\G5_P05_20260725_own_001.mp4,1920,1080,30.0,138,-90,1080,1920,
videos\G5\P05\20260725\G5_P05_20260725_own_002.mp4,1920,1080,30.0,143,-90,1080,1920,
videos\G5\P05\20260725\G5_P05_20260725_own_003.mp4,1920,1080,30.0,145,-90,1080,1920,
videos\G5\P05\20260725\G5_P05_20260725_own_004.mp4,1920,1080,30.0,156,-90,1080,1920,
videos\G5\P05\20260725\G5_P05_20260725_own_005.mp4,1920,1080,30.0,161,-90,1080,1920,
videos\G5\P05\20260725\G5_P05_20260725_own_006.mp4,1920,1080,30.0,145,-90,1080,1920,
videos\G5\P05\20260725\G5_P05_20260725_own_007.mp4,1920,1080,30.0,160,-90,1080,1920,
videos\G5\P05\20260725\G5_P05_20260725_own_008.mp4,1920,1080,30.0,145,-90,1080,1920,
videos\G5\P05\20260725\G5_P05_20260725_own_009.mp4,1920,1080,30.0,155,-90,1080,1920,
videos\G5\P05\20260725\G5_P05_20260725_own_010.mp4,1920,1080,30.0,164,-90,1080,1920,
videos\G5\P05\20260725\G5_P05_20260725_own_011.mp4,1920,1080,30.0,160,-90,1080,1920,
videos\G5\P05\20260725\G5_P05_20260725_own_012.mp4,1920,1080,30.0,133,-90,1080,1920,
videos\G5\P05\20260725\G5_P05_20260725_own_013.mp4,1920,1080,30.0,131,-90,1080,1920,
videos\G5\P05\20260725\G5_P05_20260725_own_014.mp4,1920,1080,30.0,135,-90,1080,1920,
videos\G5\P05\20260725\G5_P05_20260725_own_015.mp4,1920,1080,30.0,155,-90,1080,1920,
videos\G5\P05\20260731\G5_P05_20260731_own_001.mp4,1920,1080,30.0,151,-90,1080,1920,
videos\G5\P05\20260731\G5_P05_20260731_own_002.mp4,1920,1080,30.0,166,-90,1080,1920,
videos\G5\P05\20260731\G5_P05_20260731_own_003.mp4,1920,1080,30.0,181,-90,1080,1920,
videos\G5\P05\20260731\G5_P05_20260731_own_004.mp4,1920,1080,30.0,179,-90,1080,1920,
videos\G5\P05\20260731\G5_P05_20260731_own_005.mp4,1920,1080,30.0,181,-90,1080,1920,
videos\G5\P05\20260801\G5_P05_20260801_own_001.mp4,1920,1080,30.0,145,-90,1080,1920,
videos\G5\P05\20260801\G5_P05_20260801_own_002.mp4,1920,1080,30.0,133,-90,1080,1920,
videos\G5\P05\20260801\G5_P05_20260801_own_003.mp4,1920,1080,30.0,183,-90,1080,1920,
videos\G5\P05\20260801\G5_P05_20260801_own_004.mp4,1920,1080,30.0,155,-90,1080,1920,
videos\G5\P05\20260801\G5_P05_20260801_own_005.mp4,1920,1080,30.0,144,-90,1080,1920,
videos\G5\P05\20260802\G5_P05_20260802_own_001.mp4,1920,1080,30.0,158,-90,1080,1920,
videos\G5\P05\20260802\G5_P05_20260802_own_002.mp4,1920,1080,30.0,166,-90,1080,1920,
videos\G5\P05\20260802\G5_P05_20260802_own_003.mp4,1920,1080,30.0,149,-90,1080,1920,
videos\G5\P05\20260802\G5_P05_20260802_own_004.mp4,1920,1080,30.0,175,-90,1080,1920,
videos\G5\P05\20260802\G5_P05_20260802_own_005.mp4,1920,1080,30.0,142,-90,1080,1920,
videos\G5\P05\20260803\G5_P05_20260803_own_001.mp4,1920,1080,30.0,176,-90,1080,1920,
videos\G5\P05\20260803\G5_P05_20260803_own_002.mp4,1920,1080,30.0,171,-90,1080,1920,
videos\G5\P05\20260803\G5_P05_20260803_own_003.mp4,1920,1080,30.0,161,-90,1080,1920,
videos\G5\P05\20260803\G5_P05_20260803_own_004.mp4,1920,1080,30.0,165,-90,1080,1920,
videos\G5\P05\20260803\G5_P05_20260803_own_005.mp4,1920,1080,30.0,176,-90,1080,1920,
videos\G5\P05\20260804\G5_P05_20260804_own_001.mp4,1920,1080,30.0,157,-90,1080,1920,
videos\G5\P05\20260804\G5_P05_20260804_own_002.mp4,1920,1080,30.0,169,-90,1080,1920,
videos\G5\P05\20260804\G5_P05_20260804_own_003.mp4,1920,1080,30.0,183,-90,1080,1920,
videos\G5\P05\20260804\G5_P05_20260804_own_004.mp4,1920,1080,30.0,159,-90,1080,1920,
videos\G5\P05\20260804\G5_P05_20260804_own_005.mp4,1920,1080,30.0,156,-90,1080,1920,
videos\G6\P01\20260725\G6_P01_20260725_impA_001.mp4,1920,1080,29.942,59,90,1080,1920,
videos\G6\P01\20260725\G6_P01_20260725_impA_002.mp4,1920,1080,30.33,77,90,1080,1920,
videos\G6\P01\20260725\G6_P01_20260725_impA_003.mp4,1920,1080,29.941,67,90,1080,1920,
videos\G6\P01\20260725\G6_P01_20260725_impA_004.mp4,1920,1080,29.74,66,90,1080,1920,
videos\G6\P01\20260725\G6_P01_20260725_impA_005.mp4,1920,1080,30.009,62,90,1080,1920,
videos\G6\P01\20260725\G6_P01_20260725_impA_006.mp4,1920,1080,29.846,98,90,1080,1920,
videos\G6\P01\20260725\G6_P01_20260725_impA_007.mp4,1920,1080,29.735,58,90,1080,1920,
videos\G6\P01\20260725\G6_P01_20260725_impA_008.mp4,1920,1080,30.43,61,90,1080,1920,
videos\G6\P01\20260725\G6_P01_20260725_impA_009.mp4,1920,1080,30.222,73,90,1080,1920,
videos\G6\P01\20260725\G6_P01_20260725_impA_010.mp4,1920,1080,29.871,54,90,1080,1920,
videos\G6\P01\20260730\G6_P01_20260730_impA_001.mp4,1920,1080,29.88,55,90,1080,1920,
videos\G6\P01\20260730\G6_P01_20260730_impA_002.mp4,1920,1080,30.21,73,90,1080,1920,
videos\G6\P01\20260802\G6_P01_20260802_impA_001.mp4,1920,1080,30.004,68,90,1080,1920,
videos\G6\P01\20260802\G6_P01_20260802_impA_002.mp4,1920,1080,30.009,58,90,1080,1920,
videos\G6\P01\20260803\G6_P01_20260803_impA_001.mp4,1920,1080,29.865,63,90,1080,1920,
videos\G6\P01\20260803\G6_P01_20260803_impA_002.mp4,1920,1080,29.889,63,90,1080,1920,
videos\G6\P01\20260804\G6_P01_20260804_impA_001.mp4,1920,1080,29.689,67,90,1080,1920,
videos\G6\P01\20260804\G6_P01_20260804_impA_002.mp4,1920,1080,30.007,86,90,1080,1920,
videos\G6\P01\20260805\G6_P01_20260805_impA_001.mp4,1920,1080,30.39,61,90,1080,1920,
videos\G6\P01\20260805\G6_P01_20260805_impA_002.mp4,1920,1080,29.749,52,90,1080,1920,
videos\G6\P02\20260725\G6_P02_20260725_impA_001.mp4,1920,1080,29.907,59,90,1080,1920,
videos\G6\P02\20260725\G6_P02_20260725_impA_002.mp4,1920,1080,29.667,48,90,1080,1920,
videos\G6\P02\20260725\G6_P02_20260725_impA_003.mp4,1920,1080,29.838,68,90,1080,1920,
videos\G6\P02\20260725\G6_P02_20260725_impA_004.mp4,1920,1080,29.565,43,90,1080,1920,
videos\G6\P02\20260725\G6_P02_20260725_impA_005.mp4,1920,1080,29.995,67,90,1080,1920,
videos\G6\P02\20260725\G6_P02_20260725_impA_006.mp4,1920,1080,30.574,53,90,1080,1920,
videos\G6\P02\20260725\G6_P02_20260725_impA_007.mp4,1920,1080,29.719,50,90,1080,1920,
videos\G6\P02\20260725\G6_P02_20260725_impA_008.mp4,1920,1080,30.142,73,90,1080,1920,
videos\G6\P02\20260725\G6_P02_20260725_impA_009.mp4,1920,1080,29.809,59,90,1080,1920,
videos\G6\P02\20260725\G6_P02_20260725_impA_010.mp4,1920,1080,29.877,55,90,1080,1920,
videos\G6\P02\20260729\G6_P02_20260729_impA_001.mp4,1920,1080,29.664,44,90,1080,1920,
videos\G6\P02\20260729\G6_P02_20260729_impA_002.mp4,1920,1080,29.631,42,90,1080,1920,
videos\G6\P02\20260731\G6_P02_20260731_impA_001.mp4,1920,1080,30.575,53,90,1080,1920,
videos\G6\P02\20260731\G6_P02_20260731_impA_002.mp4,1920,1080,30.008,66,90,1080,1920,
videos\G6\P02\20260801\G6_P02_20260801_impA_001.mp4,1920,1080,30.434,53,90,1080,1920,
videos\G6\P02\20260801\G6_P02_20260801_impA_002.mp4,1920,1080,29.788,50,90,1080,1920,
videos\G6\P02\20260802\G6_P02_20260802_impA_001.mp4,1920,1080,27.016,52,90,1080,1920,
videos\G6\P02\20260802\G6_P02_20260802_impA_002.mp4,1920,1080,29.88,60,90,1080,1920,
videos\G6\P02\20260803\G6_P02_20260803_impA_001.mp4,1920,1080,30.01,50,90,1080,1920,
videos\G6\P02\20260803\G6_P02_20260803_impA_002.mp4,1920,1080,29.903,52,90,1080,1920,
videos\G6\P02\20260804\G6_P02_20260804_impA_001.mp4,1920,1080,29.843,42,90,1080,1920,
videos\G6\P02\20260804\G6_P02_20260804_impA_002.mp4,1920,1080,29.519,51,90,1080,1920,
videos\G6\P03\20260725\G6_P03_20260725_impA_001.mp4,1920,1080,29.814,102,90,1080,1920,
videos\G6\P03\20260725\G6_P03_20260725_impA_002.mp4,1920,1080,30.006,110,90,1080,1920,
videos\G6\P03\20260725\G6_P03_20260725_impA_003.mp4,1920,1080,29.997,98,90,1080,1920,
videos\G6\P03\20260725\G6_P03_20260725_impA_004.mp4,1920,1080,29.815,85,90,1080,1920,
videos\G6\P03\20260725\G6_P03_20260725_impA_005.mp4,1920,1080,30.006,79,90,1080,1920,
videos\G6\P03\20260725\G6_P03_20260725_impA_006.mp4,1920,1080,29.857,96,90,1080,1920,
videos\G6\P03\20260725\G6_P03_20260725_impA_007.mp4,1920,1080,29.811,109,90,1080,1920,
videos\G6\P03\20260725\G6_P03_20260725_impA_008.mp4,1920,1080,29.915,68,90,1080,1920,
videos\G6\P03\20260725\G6_P03_20260725_impA_009.mp4,1920,1080,29.864,102,90,1080,1920,
videos\G6\P03\20260725\G6_P03_20260725_impA_010.mp4,1920,1080,29.989,114,90,1080,1920,
videos\G6\P03\20260803\G6_P03_20260803_impA_006.mp4,1920,1080,29.99,88,90,1080,1920,
videos\G6\P03\20260803\G6_P03_20260803_impA_010.mp4,1920,1080,29.832,117,90,1080,1920,
videos\G6\P03\20260804\G6_P03_20260804_impA_001.mp4,1920,1080,29.92,100,90,1080,1920,
videos\G6\P03\20260804\G6_P03_20260804_impA_002.mp4,1920,1080,29.819,88,90,1080,1920,
videos\G6\P03\20260805\G6_P03_20260805_impA_001.mp4,1920,1080,30.006,94,90,1080,1920,
videos\G6\P03\20260805\G6_P03_20260805_impA_002.mp4,1920,1080,30.006,96,90,1080,1920,
videos\G6\P03\20260805\G6_P03_20260805_impA_003.mp4,1920,1080,30.006,86,90,1080,1920,
videos\G6\P03\20260805\G6_P03_20260805_impA_004.mp4,1920,1080,30.006,94,90,1080,1920,
videos\G6\P04\20260725\G6_P04_20260725_impA_001.mp4,1920,1080,30.0,104,90,1080,1920,
videos\G6\P04\20260725\G6_P04_20260725_impA_002.mp4,1920,1080,30.0,120,90,1080,1920,
videos\G6\P04\20260725\G6_P04_20260725_impA_003.mp4,1920,1080,30.0,109,90,1080,1920,
videos\G6\P04\20260725\G6_P04_20260725_impA_004.mp4,1920,1080,30.0,102,90,1080,1920,
videos\G6\P04\20260725\G6_P04_20260725_impA_005.mp4,1920,1080,30.0,105,90,1080,1920,
videos\G6\P04\20260725\G6_P04_20260725_impA_006.mp4,1920,1080,30.0,106,90,1080,1920,
videos\G6\P04\20260725\G6_P04_20260725_impA_007.mp4,1920,1080,30.0,118,90,1080,1920,
videos\G6\P04\20260725\G6_P04_20260725_impA_008.mp4,1920,1080,30.0,112,90,1080,1920,
videos\G6\P04\20260725\G6_P04_20260725_impA_009.mp4,1920,1080,30.0,100,90,1080,1920,
videos\G6\P04\20260725\G6_P04_20260725_impA_010.mp4,1280,720,24.0,88,90,720,1280,
videos\G6\P04\20260730\G6_P04_20260730_impA_001.mp4,1920,1080,30.0,104,90,1080,1920,
videos\G6\P04\20260730\G6_P04_20260730_impA_002.mp4,1920,1080,30.0,121,90,1080,1920,
videos\G6\P04\20260802\G6_P04_20260802_impA_001.mp4,1920,1080,30.0,110,90,1080,1920,
videos\G6\P04\20260802\G6_P04_20260802_impA_002.mp4,1920,1080,30.0,99,90,1080,1920,
videos\G6\P04\20260803\G6_P04_20260803_impA_001.mp4,1920,1080,30.0,138,90,1080,1920,
videos\G6\P04\20260803\G6_P04_20260803_impA_002.mp4,1920,1080,30.0,109,90,1080,1920,
videos\G6\P04\20260804\G6_P04_20260804_impA_001.mp4,1920,1080,30.0,111,90,1080,1920,
videos\G6\P04\20260804\G6_P04_20260804_impA_002.mp4,1920,1080,30.0,107,90,1080,1920,
videos\G6\P04\20260805\G6_P04_20260805_impA_001.mp4,1920,1080,30.0,118,90,1080,1920,
videos\G6\P04\20260805\G6_P04_20260805_impA_002.mp4,1920,1080,30.0,111,90,1080,1920,
videos\G6\P05\20260725\G6_P05_20260725_impA_001.mp4,1920,1080,30.0,126,-90,1080,1920,
videos\G6\P05\20260725\G6_P05_20260725_impA_002.mp4,1920,1080,30.0,136,-90,1080,1920,
videos\G6\P05\20260725\G6_P05_20260725_impA_003.mp4,1920,1080,30.0,113,-90,1080,1920,
videos\G6\P05\20260725\G6_P05_20260725_impA_004.mp4,1920,1080,30.0,124,-90,1080,1920,
videos\G6\P05\20260725\G6_P05_20260725_impA_005.mp4,1920,1080,30.0,141,-90,1080,1920,
videos\G6\P05\20260725\G6_P05_20260725_impA_006.mp4,1920,1080,30.0,134,-90,1080,1920,
videos\G6\P05\20260725\G6_P05_20260725_impA_007.mp4,1920,1080,30.0,143,-90,1080,1920,
videos\G6\P05\20260725\G6_P05_20260725_impA_008.mp4,1920,1080,30.0,118,-90,1080,1920,
videos\G6\P05\20260725\G6_P05_20260725_impA_009.mp4,1920,1080,30.0,126,-90,1080,1920,
videos\G6\P05\20260725\G6_P05_20260725_impA_010.mp4,1920,1080,30.0,129,-90,1080,1920,
videos\G6\P05\20260731\G6_P05_20260731_impA_001.mp4,1920,1080,30.0,132,-90,1080,1920,
videos\G6\P05\20260731\G6_P05_20260731_impA_002.mp4,1920,1080,30.0,150,-90,1080,1920,
videos\G6\P05\20260801\G6_P05_20260801_impA_001.mp4,1920,1080,30.0,132,-90,1080,1920,
videos\G6\P05\20260801\G6_P05_20260801_impA_002.mp4,1920,1080,30.0,114,-90,1080,1920,
videos\G6\P05\20260802\G6_P05_20260802_impA_001.mp4,1920,1080,30.0,122,-90,1080,1920,
videos\G6\P05\20260802\G6_P05_20260802_impA_002.mp4,1920,1080,30.0,130,-90,1080,1920,
videos\G6\P05\20260803\G6_P05_20260803_impA_001.mp4,1920,1080,30.0,143,-90,1080,1920,
videos\G6\P05\20260803\G6_P05_20260803_impA_002.mp4,1920,1080,30.0,152,-90,1080,1920,
videos\G6\P05\20260804\G6_P05_20260804_impA_001.mp4,1920,1080,30.0,138,-90,1080,1920,
videos\G6\P05\20260804\G6_P05_20260804_impA_002.mp4,1920,1080,30.0,133,-90,1080,1920,
videos\G6\P06\20260725\G6_P06_20260725_own_001.mp4,1920,1080,28.354,106,0,1920,1080,
videos\G6\P06\20260725\G6_P06_20260725_own_002.mp4,1920,1080,29.958,121,0,1920,1080,
videos\G6\P06\20260725\G6_P06_20260725_own_003.mp4,1080,1920,29.958,95,0,1080,1920,
videos\G6\P06\20260725\G6_P06_20260725_own_004.mp4,1080,1920,29.863,103,0,1080,1920,
videos\G6\P06\20260725\G6_P06_20260725_own_005.mp4,1080,1920,29.863,78,0,1080,1920,
videos\G6\P06\20260725\G6_P06_20260725_own_006.mp4,1080,1920,29.863,105,0,1080,1920,
videos\G6\P06\20260725\G6_P06_20260725_own_007.mp4,1080,1920,29.959,105,0,1080,1920,
videos\G6\P06\20260725\G6_P06_20260725_own_008.mp4,1080,1920,29.959,84,0,1080,1920,
videos\G6\P06\20260725\G6_P06_20260725_own_009.mp4,1080,1920,30.0,105,0,1080,1920,
videos\G6\P06\20260725\G6_P06_20260725_own_010.mp4,1080,1920,29.958,109,0,1080,1920,
videos\G6\P06\20260725\G6_P06_20260725_own_011.mp4,1080,1920,30.071,67,0,1080,1920,
videos\G6\P06\20260725\G6_P06_20260725_own_012.mp4,1080,1920,29.958,90,0,1080,1920,
videos\G6\P06\20260725\G6_P06_20260725_own_013.mp4,1080,1920,29.881,96,0,1080,1920,
videos\G6\P06\20260725\G6_P06_20260725_own_014.mp4,1080,1920,23.873,86,0,1080,1920,
videos\G6\P06\20260725\G6_P06_20260725_own_015.mp4,1080,1920,29.999,58,0,1080,1920,
